fly,treatment,trial,iteration,body_length,limb_length,frame,L1_leg_down,L1_leg_loc,R1_leg_down,R1_leg_loc,L2_leg_down,L2_leg_loc,R2_leg_down,R2_leg_loc,L3_leg_down,L3_leg_loc,R3_leg_down,R3_leg_loc,head_pos,center_pos,COM_dist,COM_speed,num_feet_down,tail_pos
CA40,g24,2_00-01-22,5,3.56, ,0,1,"(346.167, 1037.167)",1,"(537.167, 979.833)",1,"(396.5, 1175.5)",1,"(656.5, 987.833)",1,"(541.833, 1306.833)",1,"(704.833, 1177.833)","(483.0, 1044.0)","(552.0, 1113.0)",0.0,0.0,6,"(617.0, 1245.0)"
CA40,g24,2_00-01-22,5,3.56, ,1,1,"(346.167, 1037.167)",1,"(537.167, 979.833)",1,"(396.5, 1175.5)",1,"(656.5, 987.833)",1,"(541.833, 1306.833)",1,"(704.833, 1177.833)","(482.0, 1044.0)","(552.0, 1113.0)",0.0,0.0,6,"(618.0, 1241.0)"
CA40,g24,2_00-01-22,5,3.56, ,2,1,"(346.167, 1037.167)",1,"(537.167, 979.833)",1,"(396.5, 1175.5)",1,"(656.5, 987.833)",1,"(541.833, 1306.833)",1,"(704.833, 1177.833)","(482.0, 1044.0)","(552.0, 1113.0)",0.08131338802181484,5.823698336387813,6,"(618.0, 1241.0)"
CA40,g24,2_00-01-22,5,3.56, ,3,1,"(346.167, 1037.167)",1,"(537.167, 979.833)",1,"(396.5, 1175.5)",1,"(656.5, 987.833)",1,"(541.833, 1306.833)",1,"(704.833, 1177.833)","(476.0, 1031.0)","(550.0, 1107.0)",0.05300984347669915,3.7965868201754094,6,"(615.0, 1230.0)"
CA40,g24,2_00-01-22,5,3.56, ,4,1,"(346.167, 1037.167)",1,"(537.167, 979.833)",1,"(396.5, 1175.5)",1,"(656.5, 987.833)",1,"(541.833, 1306.833)",1,"(704.833, 1177.833)","(476.0, 1031.0)","(549.0, 1103.0)",0.14374312017869567,10.294941463111597,6,"(614.0, 1223.0)"
CA40,g24,2_00-01-22,5,3.56, ,5,1,"(346.167, 1037.167)",0,0,1,"(396.5, 1175.5)",1,"(656.5, 987.833)",0,0,1,"(704.833, 1177.833)","(473.0, 1020.0)","(544.0, 1093.0)",0.13111389852385663,9.390431407259204,4,"(610.0, 1215.0)"
CA40,g24,2_00-01-22,5,3.56, ,6,1,"(346.167, 1037.167)",0,0,1,"(396.5, 1175.5)",1,"(656.5, 987.833)",0,0,1,"(704.833, 1177.833)","(473.0, 1015.0)","(542.0, 1083.0)",0.09359873861250344,6.703580205013675,4,"(608.0, 1207.0)"
CA40,g24,2_00-01-22,5,3.56, ,7,1,"(346.167, 1037.167)",0,0,1,"(396.5, 1175.5)",1,"(656.5, 987.833)",0,0,0,0,"(470.0, 1005.0)","(540.0, 1076.0)",0.09271152675402389,6.640037726340117,3,"(608.0, 1198.0)"
CA40,g24,2_00-01-22,5,3.56, ,8,1,"(346.167, 1037.167)",1,"(519.167, 860.167)",1,"(396.5, 1175.5)",1,"(656.5, 987.833)",1,"(509.167, 1230.167)",0,0,"(470.0, 1003.0)","(536.0, 1070.0)",0.07496723958402289,5.369184571819008,5,"(605.0, 1190.0)"
CA40,g24,2_00-01-22,5,3.56, ,9,1,"(346.167, 1037.167)",1,"(519.167, 860.167)",1,"(391.167, 1181.5)",1,"(656.5, 987.833)",1,"(509.167, 1230.167)",0,0,"(470.0, 991.0)","(533.0, 1065.0)",0.06923585506729883,4.958700452447544,5,"(599.0, 1191.0)"
CA40,g24,2_00-01-22,5,3.56, ,10,1,"(346.167, 1037.167)",1,"(519.167, 860.167)",1,"(388.167, 1182.5)",1,"(656.5, 987.833)",1,"(509.167, 1230.167)",0,0,"(470.0, 985.0)","(531.0, 1060.0)",0.03636445261951903,2.6044370721231176,5,"(590.0, 1190.0)"
CA40,g24,2_00-01-22,5,3.56, ,11,1,"(346.167, 1037.167)",1,"(519.167, 860.167)",1,"(388.167, 1182.5)",1,"(656.5, 987.833)",1,"(509.167, 1230.167)",0,0,"(469.0, 981.0)","(529.0, 1058.0)",0.07496723958402289,5.369184571819008,5,"(591.0, 1187.0)"
CA40,g24,2_00-01-22,5,3.56, ,12,1,"(346.167, 1037.167)",1,"(519.167, 860.167)",1,"(388.167, 1182.5)",1,"(656.5, 987.833)",1,"(509.167, 1230.167)",0,0,"(465.0, 972.0)","(526.0, 1053.0)",0.04065669401090742,2.9118491681939065,5,"(592.0, 1182.0)"
CA40,g24,2_00-01-22,5,3.56, ,13,1,"(346.167, 1037.167)",1,"(519.167, 860.167)",0,0,1,"(656.5, 987.833)",1,"(509.167, 1230.167)",1,"(697.167, 1074.5)","(465.0, 967.0)","(525.0, 1050.0)",0.1060196869533983,7.593173640350819,5,"(596.0, 1169.0)"
CA40,g24,2_00-01-22,5,3.56, ,14,1,"(346.167, 1037.167)",1,"(519.167, 860.167)",0,0,1,"(656.5, 987.833)",1,"(509.167, 1230.167)",1,"(697.167, 1074.5)","(464.0, 960.0)","(523.0, 1042.0)",0.06428387760349705,4.604037787179735,5,"(595.0, 1170.0)"
CA40,g24,2_00-01-22,5,3.56, ,15,1,"(346.167, 1037.167)",1,"(519.167, 860.167)",0,0,1,"(656.5, 987.833)",1,"(509.167, 1230.167)",1,"(697.167, 1074.5)","(467.0, 956.0)","(523.0, 1037.0)",0.13422867715235987,9.613513135352543,5,"(593.0, 1170.0)"
CA40,g24,2_00-01-22,5,3.56, ,16,1,"(346.167, 1037.167)",1,"(519.167, 860.167)",1,"(346.833, 1101.833)",1,"(656.5, 987.833)",1,"(509.167, 1230.167)",1,"(697.167, 1074.5)","(466.0, 950.0)","(520.0, 1027.0)",0.038570326562098224,2.7624226723078404,6,"(593.0, 1170.0)"
CA40,g24,2_00-01-22,5,3.56, ,17,1,"(346.167, 1037.167)",1,"(519.167, 860.167)",1,"(346.833, 1101.833)",1,"(656.5, 987.833)",1,"(518.833, 1227.5)",1,"(697.167, 1074.5)","(466.0, 947.0)","(520.0, 1024.0)",0.10365463805989392,7.423787864629824,6,"(593.0, 1161.0)"
CA40,g24,2_00-01-22,5,3.56, ,18,1,"(346.5, 1033.167)",1,"(519.167, 860.167)",1,"(346.833, 1101.833)",1,"(656.5, 987.833)",1,"(518.833, 1227.5)",1,"(697.167, 1074.5)","(466.0, 944.0)","(519.0, 1016.0)",0.12920899487170082,9.254001423219396,6,"(593.0, 1160.0)"
CA40,g24,2_00-01-22,5,3.56, ,19,1,"(346.5, 1033.167)",1,"(519.167, 860.167)",1,"(346.833, 1101.833)",1,"(656.5, 987.833)",1,"(518.833, 1227.5)",1,"(697.167, 1074.5)","(466.0, 941.0)","(518.0, 1006.0)",0.06555694926192832,4.695215703629602,6,"(592.0, 1155.0)"
CA40,g24,2_00-01-22,5,3.56, ,20,0,0,1,"(519.167, 860.167)",1,"(346.833, 1101.833)",0,0,0,0,1,"(697.167, 1074.5)","(466.0, 939.0)","(519.0, 1001.0)",0.1060196869533983,7.593173640350819,3,"(590.0, 1147.0)"
CA40,g24,2_00-01-22,5,3.56, ,21,0,0,1,"(519.167, 860.167)",1,"(346.833, 1101.833)",0,0,0,0,1,"(697.167, 1074.5)","(465.0, 931.0)","(517.0, 993.0)",0.06555694926192832,4.695215703629602,3,"(580.0, 1138.0)"
CA40,g24,2_00-01-22,5,3.56, ,22,0,0,1,"(519.167, 860.167)",1,"(346.833, 1101.833)",0,0,1,"(479.167, 1176.167)",1,"(697.167, 1074.5)","(464.0, 922.0)","(518.0, 988.0)",0.02874862403573913,2.058988292622319,4,"(580.0, 1138.0)"
CA40,g24,2_00-01-22,5,3.56, ,23,0,0,1,"(519.167, 860.167)",1,"(346.833, 1101.833)",0,0,1,"(479.167, 1176.167)",1,"(697.167, 1074.5)","(464.0, 919.0)","(517.0, 986.0)",0.06555694926192832,4.695215703629602,4,"(580.0, 1125.0)"
CA40,g24,2_00-01-22,5,3.56, ,24,1,"(314.833, 896.833)",1,"(519.167, 860.167)",1,"(346.833, 1101.833)",1,"(639.833, 882.167)",1,"(479.167, 1176.167)",1,"(697.167, 1074.5)","(463.0, 919.0)","(516.0, 981.0)",0.0,0.0,6,"(577.0, 1125.0)"
CA40,g24,2_00-01-22,5,3.56, ,25,1,"(314.833, 896.833)",1,"(519.167, 860.167)",1,"(346.833, 1101.833)",1,"(639.833, 882.167)",1,"(479.167, 1176.167)",1,"(697.167, 1074.5)","(456.0, 911.0)","(516.0, 981.0)",0.0,0.0,6,"(575.0, 1125.0)"
CA40,g24,2_00-01-22,5,3.56, ,26,1,"(314.833, 896.833)",1,"(519.167, 860.167)",1,"(346.833, 1101.833)",1,"(639.833, 882.167)",1,"(479.167, 1176.167)",1,"(697.167, 1074.5)","(453.0, 911.0)","(516.0, 981.0)",0.046355763377011944,3.3200188631700587,6,"(572.0, 1125.0)"
CA40,g24,2_00-01-22,5,3.56, ,27,1,"(314.833, 896.833)",1,"(519.167, 860.167)",1,"(346.833, 1101.833)",1,"(639.833, 882.167)",1,"(479.167, 1176.167)",1,"(697.167, 1074.5)","(453.0, 909.0)","(514.0, 978.0)",0.046355763377011944,3.3200188631700587,6,"(571.0, 1120.0)"
CA40,g24,2_00-01-22,5,3.56, ,28,1,"(314.833, 896.833)",1,"(519.167, 860.167)",1,"(346.833, 1101.833)",1,"(639.833, 882.167)",1,"(479.167, 1176.167)",1,"(697.167, 1074.5)","(452.0, 908.0)","(512.0, 975.0)",0.07496723958402289,5.369184571819008,6,"(571.0, 1120.0)"
CA40,g24,2_00-01-22,5,3.56, ,29,1,"(314.833, 896.833)",0,0,0,0,1,"(639.833, 882.167)",1,"(479.167, 1176.167)",1,"(697.167, 1074.5)","(443.0, 902.0)","(509.0, 970.0)",0.046355763377011944,3.3200188631700587,4,"(572.0, 1108.0)"
CA40,g24,2_00-01-22,5,3.56, ,30,1,"(314.833, 896.833)",0,0,0,0,1,"(639.833, 882.167)",1,"(479.167, 1176.167)",1,"(697.167, 1074.5)","(443.0, 898.0)","(507.0, 967.0)",0.12662455389298152,9.06890269600584,4,"(571.0, 1101.0)"
CA40,g24,2_00-01-22,5,3.56, ,31,1,"(314.833, 896.833)",0,0,0,0,1,"(639.833, 882.167)",1,"(479.167, 1176.167)",0,0,"(442.0, 888.0)","(503.0, 958.0)",0.07714065312419645,5.524845344615681,3,"(570.0, 1099.0)"
CA40,g24,2_00-01-22,5,3.56, ,32,1,"(314.833, 896.833)",1,"(502.167, 745.5)",0,0,1,"(639.833, 882.167)",1,"(473.833, 1171.833)",0,0,"(441.0, 876.0)","(503.0, 952.0)",0.16763184379538826,12.005861686330404,4,"(568.0, 1092.0)"
CA40,g24,2_00-01-22,5,3.56, ,33,1,"(314.833, 896.833)",1,"(502.167, 745.5)",0,0,1,"(639.833, 882.167)",1,"(473.833, 1171.833)",0,0,"(442.0, 869.0)","(496.0, 941.0)",0.038570326562098224,2.7624226723078404,4,"(560.0, 1085.0)"
CA40,g24,2_00-01-22,5,3.56, ,34,1,"(314.833, 896.833)",1,"(502.167, 745.5)",0,0,1,"(639.833, 882.167)",1,"(470.5, 1167.833)",0,0,"(442.0, 866.0)","(496.0, 938.0)",0.1465897949471764,10.498821482340297,4,"(553.0, 1081.0)"
CA40,g24,2_00-01-22,5,3.56, ,35,1,"(314.833, 896.833)",1,"(502.167, 745.5)",1,"(305.833, 989.833)",1,"(639.833, 882.167)",0,0,0,0,"(444.0, 859.0)","(493.0, 927.0)",0.07714065312419645,5.524845344615681,4,"(552.0, 1075.0)"
CA40,g24,2_00-01-22,5,3.56, ,36,1,"(314.833, 896.833)",1,"(502.167, 745.5)",1,"(305.833, 989.833)",1,"(639.833, 882.167)",0,0,0,0,"(443.0, 852.0)","(493.0, 921.0)",0.097914285238672,7.0126614315969205,4,"(552.0, 1066.0)"
CA40,g24,2_00-01-22,5,3.56, ,37,1,"(314.833, 896.833)",1,"(502.167, 745.5)",1,"(305.833, 989.833)",1,"(639.833, 882.167)",0,0,1,"(607.167, 1013.167)","(445.0, 842.0)","(490.0, 914.0)",0.09359873861250344,6.703580205013675,5,"(552.0, 1058.0)"
CA40,g24,2_00-01-22,5,3.56, ,38,1,"(314.833, 896.833)",1,"(502.167, 745.5)",1,"(305.833, 989.833)",0,0,0,0,1,"(607.167, 1013.167)","(443.0, 835.0)","(488.0, 907.0)",0.08999742864489585,6.445652902051627,4,"(550.0, 1051.0)"
CA40,g24,2_00-01-22,5,3.56, ,39,1,"(314.833, 896.833)",1,"(502.167, 745.5)",1,"(305.833, 989.833)",0,0,0,0,1,"(607.167, 1013.167)","(440.0, 822.0)","(488.0, 900.0)",0.13422867715235987,9.613513135352543,4,"(548.0, 1037.0)"
CA40,g24,2_00-01-22,5,3.56, ,40,1,"(314.833, 896.833)",1,"(502.167, 745.5)",1,"(305.833, 989.833)",0,0,0,0,1,"(607.167, 1013.167)","(440.0, 818.0)","(485.0, 890.0)",0.06555694926192832,4.695215703629602,4,"(547.0, 1033.0)"
CA40,g24,2_00-01-22,5,3.56, ,41,0,0,1,"(502.167, 745.5)",1,"(305.833, 989.833)",0,0,0,0,1,"(607.167, 1013.167)","(445.0, 813.0)","(484.0, 885.0)",0.1420077271430607,10.170651899234427,3,"(550.0, 1025.0)"
CA40,g24,2_00-01-22,5,3.56, ,42,0,0,1,"(502.167, 745.5)",1,"(305.833, 989.833)",0,0,0,0,1,"(607.167, 1013.167)","(446.0, 809.0)","(485.0, 874.0)",0.1542813062483929,11.049690689231362,3,"(543.0, 1017.0)"
CA40,g24,2_00-01-22,5,3.56, ,43,0,0,1,"(502.167, 745.5)",1,"(305.833, 989.833)",1,"(629.5, 789.167)",0,0,1,"(607.167, 1013.167)","(450.0, 799.0)","(485.0, 862.0)",0.05142710208279763,3.6832302297437876,4,"(532.0, 1011.0)"
CA40,g24,2_00-01-22,5,3.56, ,44,0,0,1,"(502.167, 745.5)",1,"(305.833, 989.833)",1,"(629.5, 789.167)",0,0,1,"(607.167, 1013.167)","(451.0, 787.0)","(485.0, 858.0)",0.038570326562098224,2.7624226723078404,4,"(531.0, 1006.0)"
CA40,g24,2_00-01-22,5,3.56, ,45,1,"(333.5, 737.5)",1,"(502.167, 745.5)",1,"(305.833, 989.833)",1,"(629.5, 789.167)",1,"(434.5, 1047.833)",1,"(607.167, 1013.167)","(457.0, 777.0)","(485.0, 855.0)",0.08131338802181484,5.823698336387813,6,"(538.0, 1000.0)"
CA40,g24,2_00-01-22,5,3.56, ,46,1,"(333.5, 737.5)",1,"(502.167, 745.5)",1,"(305.833, 989.833)",1,"(629.5, 789.167)",1,"(434.5, 1047.833)",1,"(607.167, 1013.167)","(458.0, 773.0)","(483.0, 849.0)",0.07820471239776573,5.601053707986802,6,"(537.0, 991.0)"
CA40,g24,2_00-01-22,5,3.56, ,47,1,"(333.5, 737.5)",1,"(502.167, 745.5)",0,0,1,"(629.5, 789.167)",1,"(434.5, 1047.833)",1,"(604.167, 1018.167)","(455.0, 767.0)","(482.0, 843.0)",0.06428387760349705,4.604037787179735,5,"(534.0, 989.0)"
CA40,g24,2_00-01-22,5,3.56, ,48,1,"(333.5, 737.5)",1,"(502.167, 745.5)",0,0,1,"(629.5, 789.167)",1,"(434.5, 1047.833)",1,"(604.167, 1018.167)","(449.0, 762.0)","(478.0, 840.0)",0.1185336134905231,8.489426212391987,5,"(533.0, 986.0)"
CA40,g24,2_00-01-22,5,3.56, ,49,1,"(333.5, 737.5)",1,"(502.167, 745.5)",0,0,1,"(629.5, 789.167)",1,"(434.5, 1047.833)",0,0,"(445.0, 751.0)","(476.0, 831.0)",0.11059816491440765,7.921086117415051,4,"(512.0, 988.0)"
CA40,g24,2_00-01-22,5,3.56, ,50,1,"(333.5, 737.5)",0,0,1,"(286.167, 846.167)",1,"(629.5, 789.167)",1,"(434.5, 1047.833)",0,0,"(445.0, 745.0)","(471.0, 824.0)",0.02874862403573913,2.058988292622319,4,"(497.0, 989.0)"
CA40,g24,2_00-01-22,5,3.56, ,51,1,"(333.5, 737.5)",0,0,1,"(286.167, 846.167)",1,"(629.5, 789.167)",1,"(434.5, 1047.833)",0,0,"(441.0, 745.0)","(470.0, 822.0)",0.05749724807147826,4.117976585244638,4,"(509.0, 979.0)"
CA40,g24,2_00-01-22,5,3.56, ,52,1,"(333.5, 737.5)",0,0,1,"(286.167, 846.167)",1,"(629.5, 789.167)",1,"(434.5, 1047.833)",0,0,"(437.0, 738.0)","(468.0, 818.0)",0.038570326562098224,2.7624226723078404,4,"(521.0, 972.0)"
CA40,g24,2_00-01-22,5,3.56, ,53,1,"(333.5, 737.5)",0,0,1,"(286.167, 846.167)",1,"(629.5, 789.167)",0,0,0,0,"(431.0, 732.0)","(468.0, 815.0)",0.07714065312419645,5.524845344615681,3,"(521.0, 967.0)"
CA40,g24,2_00-01-22,5,3.56, ,54,1,"(333.5, 737.5)",0,0,1,"(286.167, 845.833)",1,"(629.5, 789.167)",0,0,1,"(595.5, 941.167)","(432.0, 719.0)","(468.0, 809.0)",0.07714065312419645,5.524845344615681,4,"(519.0, 963.0)"
CA40,g24,2_00-01-22,5,3.56, ,55,1,"(333.5, 737.5)",0,0,1,"(286.167, 845.833)",1,"(629.5, 789.167)",0,0,1,"(595.5, 941.167)","(436.0, 712.0)","(468.0, 803.0)",0.09091113154879757,6.511092680307794,4,"(518.0, 955.0)"
CA40,g24,2_00-01-22,5,3.56, ,56,1,"(333.5, 737.5)",1,"(512.167, 622.167)",1,"(286.167, 845.833)",1,"(629.5, 789.167)",0,0,1,"(595.5, 941.167)","(434.0, 702.0)","(469.0, 796.0)",0.06555694926192832,4.695215703629602,5,"(514.0, 945.0)"
CA40,g24,2_00-01-22,5,3.56, ,57,1,"(333.5, 737.5)",1,"(512.167, 622.167)",1,"(286.167, 845.833)",0,0,0,0,1,"(595.5, 941.167)","(434.0, 695.0)","(470.0, 791.0)",0.19667084778578497,14.085647110888809,4,"(512.0, 937.0)"
CA40,g24,2_00-01-22,5,3.56, ,58,1,"(333.5, 737.5)",1,"(512.167, 622.167)",1,"(286.167, 845.833)",1,"(629.5, 787.833)",0,0,1,"(595.5, 941.167)","(434.0, 688.0)","(467.0, 776.0)",0.05300984347669915,3.7965868201754094,5,"(507.0, 929.0)"
CA40,g24,2_00-01-22,5,3.56, ,59,1,"(333.5, 737.5)",1,"(512.167, 622.167)",1,"(286.167, 845.833)",1,"(629.5, 787.833)",0,0,1,"(595.5, 941.167)","(431.0, 681.0)","(468.0, 772.0)",0.038570326562098224,2.7624226723078404,5,"(509.0, 917.0)"
CA40,g24,2_00-01-22,5,3.56, ,60,1,"(333.5, 737.5)",1,"(512.167, 622.167)",1,"(286.167, 845.833)",1,"(629.5, 787.833)",0,0,1,"(595.5, 941.167)","(429.0, 676.0)","(468.0, 769.0)",0.06428387760349705,4.604037787179735,5,"(490.0, 915.0)"
CA40,g24,2_00-01-22,5,3.56, ,61,1,"(333.5, 737.5)",1,"(512.167, 622.167)",1,"(290.167, 848.5)",1,"(629.5, 787.833)",0,0,1,"(595.5, 941.167)","(428.0, 675.0)","(468.0, 764.0)",0.0,0.0,5,"(491.0, 909.0)"
CA40,g24,2_00-01-22,5,3.56, ,62,0,0,1,"(512.167, 622.167)",1,"(290.167, 848.5)",1,"(629.5, 787.833)",0,0,1,"(595.5, 941.167)","(428.0, 675.0)","(468.0, 764.0)",0.0,0.0,4,"(485.0, 910.0)"
CA40,g24,2_00-01-22,5,3.56, ,63,1,"(317.833, 709.167)",1,"(512.167, 622.167)",0,0,1,"(629.5, 787.833)",1,"(377.833, 891.833)",1,"(595.5, 941.167)","(428.0, 675.0)","(468.0, 764.0)",0.0,0.0,5,"(484.0, 906.0)"
CA40,g24,2_00-01-22,5,3.56, ,64,1,"(317.833, 709.167)",1,"(512.167, 622.167)",1,"(315.167, 867.167)",1,"(629.5, 787.833)",1,"(377.833, 891.833)",0,0,"(428.0, 675.0)","(468.0, 764.0)",0.13111389852385663,9.390431407259204,5,"(487.0, 900.0)"
CA40,g24,2_00-01-22,5,3.56, ,65,1,"(317.833, 709.167)",1,"(512.167, 622.167)",1,"(315.167, 867.167)",1,"(629.5, 787.833)",1,"(377.833, 891.833)",0,0,"(428.0, 675.0)","(466.0, 754.0)",0.0,0.0,5,"(486.0, 899.0)"
CA40,g24,2_00-01-22,5,3.56, ,66,1,"(317.833, 709.167)",1,"(512.167, 622.167)",1,"(315.167, 867.167)",1,"(629.5, 787.833)",1,"(377.833, 891.833)",0,0,"(428.0, 675.0)","(466.0, 754.0)",0.0,0.0,5,"(491.0, 897.0)"
CA40,g24,2_00-01-22,5,3.56, ,67,1,"(317.833, 709.167)",1,"(512.167, 622.167)",1,"(315.167, 867.167)",1,"(629.5, 787.833)",1,"(377.833, 891.833)",0,0,"(428.0, 675.0)","(466.0, 754.0)",0.018182226309759516,1.3022185360615588,5,"(491.0, 897.0)"
CA40,g24,2_00-01-22,5,3.56, ,68,1,"(317.833, 709.167)",1,"(512.167, 622.167)",1,"(315.167, 867.167)",1,"(629.5, 787.833)",1,"(377.833, 891.833)",1,"(575.167, 878.167)","(428.0, 675.0)","(465.0, 753.0)",0.0,0.0,6,"(491.0, 897.0)"
CA40,g24,2_00-01-22,5,3.56, ,69,1,"(317.833, 709.167)",1,"(512.167, 622.167)",1,"(315.167, 867.167)",1,"(629.5, 787.833)",1,"(377.833, 891.833)",1,"(575.167, 878.167)","(428.0, 675.0)","(465.0, 753.0)",0.0,0.0,6,"(491.0, 897.0)"
CA40,g24,2_00-01-22,5,3.56, ,70,0,0,1,"(512.167, 622.167)",1,"(315.167, 867.167)",1,"(629.5, 787.833)",1,"(377.833, 891.833)",1,"(575.167, 878.167)","(428.0, 675.0)","(465.0, 753.0)",0.0,0.0,5,"(491.0, 897.0)"
CA40,g24,2_00-01-22,5,3.56, ,71,0,0,1,"(512.167, 622.167)",1,"(315.167, 867.167)",1,"(629.5, 787.833)",1,"(377.833, 891.833)",1,"(575.167, 878.167)","(421.0, 660.0)","(465.0, 753.0)",0.0,0.0,5,"(491.0, 897.0)"
CA40,g24,2_00-01-22,5,3.56, ,72,0,0,1,"(512.167, 622.167)",1,"(315.167, 867.167)",0,0,1,"(377.833, 891.833)",1,"(575.167, 878.167)","(421.0, 655.0)","(465.0, 753.0)",0.0,0.0,4,"(487.0, 890.0)"
CA40,g24,2_00-01-22,5,3.56, ,73,0,0,1,"(512.167, 622.167)",1,"(315.167, 867.167)",0,0,1,"(377.833, 891.833)",1,"(575.167, 878.167)","(421.0, 655.0)","(465.0, 753.0)",0.0,0.0,4,"(476.0, 889.0)"
CA40,g24,2_00-01-22,5,3.56, ,74,1,"(289.5, 646.5)",1,"(512.167, 622.167)",1,"(315.167, 867.167)",0,0,1,"(377.833, 891.833)",1,"(575.167, 878.167)","(421.0, 655.0)","(465.0, 753.0)",0.0,0.0,5,"(467.0, 889.0)"
CA40,g24,2_00-01-22,5,3.56, ,75,1,"(289.5, 646.5)",1,"(512.167, 622.167)",1,"(315.167, 867.167)",0,0,1,"(377.833, 891.833)",1,"(575.167, 878.167)","(421.0, 655.0)","(465.0, 753.0)",0.0,0.0,5,"(471.0, 887.0)"
CA40,g24,2_00-01-22,5,3.56, ,76,1,"(289.5, 646.5)",1,"(512.167, 622.167)",1,"(315.167, 867.167)",0,0,1,"(377.833, 891.833)",1,"(575.167, 878.167)","(421.0, 655.0)","(465.0, 753.0)",0.0,0.0,5,"(471.0, 887.0)"
CA40,g24,2_00-01-22,5,3.56, ,77,1,"(289.167, 653.5)",1,"(512.167, 622.167)",1,"(315.167, 867.167)",0,0,1,"(377.833, 891.833)",1,"(575.167, 878.167)","(421.0, 655.0)","(465.0, 753.0)",0.0,0.0,5,"(472.0, 886.0)"
CA40,g24,2_00-01-22,5,3.56, ,78,1,"(289.167, 653.5)",1,"(512.167, 622.167)",1,"(315.167, 867.167)",0,0,1,"(377.833, 891.833)",1,"(575.167, 878.167)","(421.0, 655.0)","(465.0, 753.0)",0.0,0.0,5,"(472.0, 886.0)"
CA40,g24,2_00-01-22,5,3.56, ,79,1,"(289.167, 653.5)",1,"(512.167, 622.167)",1,"(315.167, 867.167)",1,"(582.833, 794.5)",1,"(377.833, 891.833)",1,"(575.167, 878.167)","(421.0, 655.0)","(465.0, 753.0)",0.0,0.0,6,"(477.0, 885.0)"
CA40,g24,2_00-00-17,5,3.56, ,0,1,"(478.167, 1084.833)",1,"(266.0, 1146.0)",1,"(557.333, 891.333)",1,"(216.833, 993.833)",1,"(454.167, 844.5)",1,"(214.833, 862.833)","(382.167, 1054.833)","(348.833, 962.833)",0.0,0.0,6,"(313.5, 836.167)"
CA40,g24,2_00-00-17,5,3.56, ,1,1,"(478.167, 1084.833)",1,"(266.0, 1146.0)",1,"(557.667, 897.0)",1,"(216.833, 993.833)",1,"(454.167, 844.5)",1,"(214.833, 862.833)","(382.167, 1054.833)","(348.833, 962.833)",0.012158809565646515,0.8615631224550232,6,"(313.5, 836.167)"
CA40,g24,2_00-00-17,5,3.56, ,2,1,"(478.167, 1084.833)",1,"(266.0, 1146.0)",1,"(557.667, 897.0)",1,"(216.833, 993.833)",1,"(454.167, 844.5)",1,"(214.833, 862.833)","(382.167, 1054.833)","(349.5, 963.5)",0.0,0.0,6,"(313.5, 836.167)"
CA40,g24,2_00-00-17,5,3.56, ,3,1,"(478.167, 1084.833)",1,"(266.0, 1146.0)",1,"(557.667, 897.0)",1,"(216.833, 993.833)",1,"(454.167, 844.5)",1,"(214.833, 862.833)","(382.167, 1054.833)","(349.5, 963.5)",0.0,0.0,6,"(313.5, 836.167)"
CA40,g24,2_00-00-17,5,3.56, ,4,1,"(478.167, 1084.833)",1,"(266.0, 1146.0)",1,"(557.667, 897.0)",1,"(216.833, 993.833)",1,"(454.167, 844.5)",1,"(214.833, 862.833)","(382.167, 1054.833)","(349.5, 963.5)",0.0,0.0,6,"(313.5, 836.167)"
CA40,g24,2_00-00-17,5,3.56, ,5,1,"(478.167, 1084.833)",1,"(266.0, 1146.0)",1,"(557.667, 897.0)",1,"(216.833, 993.833)",1,"(454.167, 844.5)",1,"(214.833, 862.833)","(382.167, 1054.833)","(349.5, 963.5)",0.008597576695024145,0.6092171263081768,6,"(313.5, 836.167)"
CA40,g24,2_00-00-17,5,3.56, ,6,1,"(478.167, 1084.833)",1,"(266.0, 1146.0)",1,"(557.667, 897.0)",1,"(216.833, 993.833)",1,"(454.167, 844.5)",1,"(202.167, 922.833)","(382.167, 1054.833)","(350.167, 963.5)",0.0,0.0,6,"(313.5, 836.167)"
CA40,g24,2_00-00-17,5,3.56, ,7,1,"(479.5, 1084.833)",1,"(266.0, 1146.0)",1,"(557.667, 897.0)",1,"(216.833, 993.833)",1,"(454.167, 844.5)",1,"(202.167, 922.833)","(396.833, 1055.5)","(350.167, 963.5)",0.1034739400418654,7.332077239459019,6,"(313.5, 842.167)"
CA40,g24,2_00-00-17,5,3.56, ,8,0,0,1,"(266.0, 1146.0)",1,"(557.667, 897.0)",1,"(216.833, 993.833)",1,"(454.167, 844.5)",1,"(202.167, 922.833)","(408.833, 1056.833)","(356.167, 968.833)",0.13116791289491905,9.294449097957063,5,"(316.833, 847.5)"
CA40,g24,2_00-00-17,5,3.56, ,9,0,0,1,"(266.0, 1146.0)",1,"(557.667, 897.0)",1,"(216.833, 993.833)",1,"(454.167, 844.5)",0,0,"(424.167, 1058.833)","(364.833, 974.167)",0.03645819959714089,2.583397668530798,4,"(322.167, 850.833)"
CA40,g24,2_00-00-17,5,3.56, ,10,0,0,1,"(266.0, 1146.0)",1,"(557.667, 897.0)",1,"(216.833, 993.833)",1,"(454.167, 844.5)",1,"(208.167, 952.167)","(422.833, 1059.5)","(366.833, 976.167)",0.008597576695024145,0.6092171263081768,5,"(322.833, 852.833)"
CA40,g24,2_00-00-17,5,3.56, ,11,0,0,1,"(266.0, 1146.0)",1,"(557.667, 897.0)",1,"(216.833, 993.833)",1,"(454.167, 844.5)",1,"(208.167, 952.167)","(422.833, 1059.5)","(367.5, 976.167)",0.03437741686001512,2.435955136227821,5,"(322.833, 852.833)"
CA40,g24,2_00-00-17,5,3.56, ,12,0,0,1,"(266.0, 1146.0)",1,"(557.667, 897.0)",1,"(216.833, 993.833)",1,"(454.167, 844.5)",1,"(208.167, 952.167)","(428.833, 1058.833)","(370.167, 976.167)",0.09133892780105908,6.472200375628633,5,"(322.833, 852.833)"
CA40,g24,2_00-00-17,5,3.56, ,13,0,0,1,"(266.0, 1146.0)",1,"(557.667, 897.0)",0,0,1,"(454.167, 844.5)",1,"(213.5, 962.833)","(437.5, 1058.833)","(375.5, 980.833)",0.0522715884659799,3.703921237624794,4,"(318.167, 858.833)"
CA40,g24,2_00-00-17,5,3.56, ,14,1,"(585.5, 1054.167)",1,"(266.0, 1146.0)",1,"(557.667, 897.0)",0,0,1,"(454.167, 844.5)",1,"(213.5, 962.833)","(443.5, 1063.5)","(379.5, 981.5)",0.10766971848966947,7.6293866068853475,5,"(317.5, 870.167)"
CA40,g24,2_00-00-17,5,3.56, ,15,1,"(585.5, 1054.167)",0,0,1,"(557.667, 897.0)",0,0,1,"(454.167, 844.5)",1,"(213.5, 962.833)","(455.5, 1063.5)","(386.833, 985.5)",0.07922519553995225,5.613831393442143,4,"(314.833, 874.833)"
CA40,g24,2_00-00-17,5,3.56, ,16,1,"(585.5, 1054.167)",0,0,1,"(557.667, 897.0)",0,0,1,"(454.167, 844.5)",1,"(213.5, 962.833)","(456.833, 1068.167)","(392.833, 986.833)",0.08152301263646249,5.776652799749335,4,"(314.167, 875.5)"
CA40,g24,2_00-00-17,5,3.56, ,17,1,"(585.5, 1054.167)",0,0,1,"(557.667, 897.0)",0,0,1,"(454.167, 844.5)",1,"(213.5, 963.5)","(461.5, 1068.167)","(398.833, 988.833)",0.06077581872843391,4.306523913440844,4,"(314.167, 880.833)"
CA40,g24,2_00-00-17,5,3.56, ,18,1,"(585.5, 1054.167)",0,0,1,"(557.667, 897.0)",1,"(275.5, 1111.167)",1,"(454.167, 844.5)",1,"(213.5, 963.5)","(469.5, 1066.833)","(402.167, 992.167)",0.025779840164990978,1.8267380099196442,5,"(314.833, 886.833)"
CA40,g24,2_00-00-17,5,3.56, ,19,1,"(585.5, 1054.167)",0,0,1,"(557.667, 897.0)",1,"(275.5, 1111.167)",1,"(454.167, 844.5)",1,"(213.5, 963.5)","(475.5, 1059.5)","(404.167, 992.167)",0.027171621334700156,1.9253584648148916,5,"(315.5, 889.5)"
CA40,g24,2_00-00-17,5,3.56, ,20,1,"(585.5, 1054.167)",0,0,1,"(557.667, 897.0)",1,"(275.5, 1111.167)",1,"(454.167, 844.5)",1,"(213.5, 963.5)","(482.833, 1052.833)","(406.167, 992.833)",0.0,0.0,5,"(306.833, 892.167)"
CA40,g24,2_00-00-17,5,3.56, ,21,1,"(585.5, 1054.167)",0,0,1,"(557.667, 897.0)",1,"(275.5, 1111.167)",1,"(454.167, 844.5)",1,"(213.5, 963.5)","(481.5, 1050.833)","(406.167, 992.833)",0.012158809565646515,0.8615631224550232,5,"(304.833, 894.833)"
CA40,g24,2_00-00-17,5,3.56, ,22,1,"(585.5, 1054.167)",0,0,1,"(557.667, 897.0)",1,"(275.5, 1111.167)",1,"(454.167, 844.5)",1,"(213.5, 963.5)","(484.167, 1051.5)","(405.5, 993.5)",0.05434731652695729,3.851005599784396,5,"(298.167, 902.833)"
CA40,g24,2_00-00-17,5,3.56, ,23,1,"(585.5, 1054.167)",0,0,1,"(557.667, 897.0)",1,"(275.5, 1111.167)",1,"(454.167, 844.5)",0,0,"(486.833, 1055.5)","(406.833, 997.5)",0.06076852719787999,4.306007241656687,4,"(306.167, 900.167)"
CA40,g24,2_00-00-17,5,3.56, ,24,1,"(585.5, 1054.167)",0,0,1,"(557.667, 897.0)",1,"(275.5, 1111.167)",1,"(454.167, 844.5)",0,0,"(487.5, 1058.833)","(411.5, 998.167)",0.06927750834449835,4.908946561169059,4,"(308.167, 900.167)"
CA40,g24,2_00-00-17,5,3.56, ,25,1,"(585.5, 1054.167)",0,0,1,"(557.667, 897.0)",1,"(275.5, 1111.167)",1,"(454.167, 844.5)",0,0,"(488.167, 1062.167)","(412.167, 1003.5)",0.008584686774942688,0.6083037573032906,4,"(312.833, 900.167)"
CA40,g24,2_00-00-17,5,3.56, ,26,1,"(585.5, 1054.167)",1,"(510.25, 1177.25)",1,"(557.667, 897.0)",1,"(275.5, 1111.167)",1,"(454.167, 844.5)",0,0,"(487.5, 1062.833)","(412.833, 1003.5)",0.0,0.0,5,"(314.167, 900.5)"
CA40,g24,2_00-00-17,5,3.56, ,27,1,"(585.5, 1054.167)",1,"(510.25, 1177.25)",1,"(557.667, 897.0)",1,"(275.5, 1111.167)",1,"(454.167, 844.5)",1,"(246.833, 1028.833)","(487.5, 1062.833)","(412.833, 1003.5)",0.0,0.0,6,"(314.167, 900.5)"
CA40,g24,2_00-00-17,5,3.56, ,28,1,"(585.5, 1054.167)",1,"(510.25, 1177.25)",1,"(557.667, 897.0)",1,"(275.5, 1111.167)",1,"(454.167, 844.5)",1,"(246.833, 1028.833)","(487.5, 1062.833)","(412.833, 1003.5)",0.043826571803901135,3.1055143882303726,6,"(314.167, 900.5)"
CA40,g24,2_00-00-17,5,3.56, ,29,1,"(585.5, 1054.167)",1,"(510.25, 1177.25)",1,"(557.667, 897.0)",1,"(275.5, 1111.167)",1,"(454.167, 844.5)",1,"(246.833, 1028.833)","(487.5, 1062.833)","(416.167, 1004.167)",0.0,0.0,6,"(309.5, 907.167)"
CA40,g24,2_00-00-17,5,3.56, ,30,1,"(585.5, 1054.167)",1,"(510.25, 1177.25)",1,"(557.667, 897.0)",1,"(275.5, 1111.167)",1,"(454.167, 844.5)",1,"(246.833, 1028.833)","(488.833, 1063.5)","(416.167, 1004.167)",0.008584686774941222,0.6083037573031866,6,"(309.5, 907.167)"
CA40,g24,2_00-00-17,5,3.56, ,31,1,"(585.5, 1054.167)",1,"(510.25, 1177.25)",1,"(557.667, 897.0)",1,"(275.5, 1080.5)",1,"(454.167, 844.5)",1,"(246.833, 1028.833)","(488.167, 1063.5)","(416.167, 1004.833)",0.03437741686001586,2.4359551362278733,6,"(309.5, 907.167)"
CA40,g24,2_00-00-17,5,3.56, ,32,1,"(585.5, 1054.167)",1,"(510.25, 1177.25)",1,"(557.667, 897.0)",1,"(275.5, 1080.5)",1,"(454.167, 844.5)",1,"(246.833, 1028.833)","(488.833, 1063.5)","(416.167, 1007.5)",0.06075758962863527,4.305232214606574,6,"(309.5, 907.167)"
CA40,g24,2_00-00-17,5,3.56, ,33,1,"(585.5, 1054.167)",1,"(510.25, 1177.25)",1,"(557.667, 897.0)",0,0,1,"(454.167, 844.5)",1,"(246.833, 1028.833)","(488.833, 1063.5)","(419.5, 1010.833)",0.0,0.0,5,"(306.167, 911.833)"
CA40,g24,2_00-00-17,5,3.56, ,34,0,0,1,"(510.25, 1177.25)",1,"(557.667, 897.0)",0,0,1,"(454.167, 844.5)",1,"(246.833, 1028.833)","(488.833, 1063.5)","(419.5, 1010.833)",0.0,0.0,4,"(306.167, 911.833)"
CA40,g24,2_00-00-17,5,3.56, ,35,0,0,1,"(510.25, 1177.25)",1,"(557.667, 897.0)",0,0,1,"(454.167, 844.5)",1,"(246.833, 1028.833)","(488.833, 1066.167)","(419.5, 1010.833)",0.07687024098984249,5.44696127474526,4,"(306.167, 911.833)"
CA40,g24,2_00-00-17,5,3.56, ,36,0,0,1,"(510.25, 1177.25)",1,"(557.667, 897.0)",0,0,1,"(454.167, 844.5)",1,"(246.833, 1028.833)","(490.167, 1082.833)","(422.167, 1016.167)",0.019207473154353418,1.3610255556672042,4,"(314.167, 917.167)"
CA40,g24,2_00-00-17,5,3.56, ,37,0,0,1,"(510.25, 1177.25)",1,"(557.667, 897.0)",0,0,0,0,1,"(246.833, 1028.833)","(489.5, 1095.5)","(423.5, 1016.833)",0.0792293898026646,5.614128595405817,3,"(322.833, 923.833)"
CA40,g24,2_00-00-17,5,3.56, ,38,0,0,1,"(510.25, 1177.25)",1,"(557.667, 897.0)",0,0,0,0,1,"(246.833, 1028.833)","(490.167, 1095.5)","(428.167, 1020.833)",0.030988279381724656,2.1958036762958124,3,"(326.167, 932.5)"
CA40,g24,2_00-00-17,5,3.56, ,39,1,"(630.167, 1118.167)",1,"(510.25, 1177.25)",1,"(557.667, 897.0)",0,0,1,"(406.167, 869.833)",1,"(246.833, 1028.833)","(496.167, 1096.833)","(430.167, 1022.167)",0.04627064432977119,3.2786993324904294,5,"(329.5, 937.167)"
CA40,g24,2_00-00-17,5,3.56, ,40,1,"(630.167, 1118.167)",1,"(510.25, 1177.25)",1,"(557.667, 897.0)",1,"(370.5, 1206.5)",1,"(406.167, 869.833)",1,"(246.833, 1028.833)","(495.5, 1098.167)","(433.5, 1023.5)",0.019213237701600536,1.3614340266856004,6,"(331.5, 939.167)"
CA40,g24,2_00-00-17,5,3.56, ,41,1,"(630.167, 1118.167)",1,"(510.25, 1177.25)",1,"(557.667, 897.0)",1,"(370.5, 1206.5)",1,"(406.167, 869.833)",1,"(246.833, 1028.833)","(495.5, 1098.167)","(434.167, 1024.833)",0.06196940717561473,4.391100597032045,6,"(331.5, 939.167)"
CA40,g24,2_00-00-17,5,3.56, ,42,1,"(630.167, 1118.167)",1,"(510.25, 1177.25)",1,"(557.667, 897.0)",1,"(370.5, 1206.5)",1,"(406.167, 869.833)",1,"(246.833, 1028.833)","(502.833, 1098.833)","(438.167, 1027.5)",0.017182263469967565,1.2175208836115192,6,"(332.833, 940.5)"
CA40,g24,2_00-00-17,5,3.56, ,43,1,"(630.167, 1118.167)",1,"(510.25, 1177.25)",1,"(557.667, 897.0)",1,"(370.5, 1206.5)",1,"(408.833, 864.5)",1,"(246.833, 1028.833)","(506.833, 1100.833)","(438.167, 1028.833)",0.019224765931840655,1.362250907482066,6,"(334.167, 943.833)"
CA40,g24,2_00-00-17,5,3.56, ,44,1,"(630.167, 1118.167)",1,"(510.25, 1177.25)",1,"(557.667, 897.0)",1,"(370.5, 1206.5)",1,"(408.833, 864.5)",1,"(246.833, 1028.833)","(508.167, 1104.167)","(437.5, 1030.167)",0.05434731652695752,3.851005599784412,6,"(335.5, 944.5)"
CA40,g24,2_00-00-17,5,3.56, ,45,1,"(630.167, 1118.167)",1,"(510.25, 1177.25)",0,0,1,"(370.5, 1206.5)",1,"(408.833, 864.5)",1,"(246.833, 1028.833)","(512.833, 1109.5)","(441.5, 1031.5)",0.0,0.0,5,"(335.5, 947.833)"
CA40,g24,2_00-00-17,5,3.56, ,46,1,"(630.167, 1118.167)",1,"(510.25, 1177.25)",0,0,1,"(370.5, 1206.5)",1,"(380.833, 879.833)",1,"(246.833, 1028.833)","(512.833, 1111.5)","(441.5, 1031.5)",0.025779840164990978,1.8267380099196442,5,"(336.167, 949.833)"
CA40,g24,2_00-00-17,5,3.56, ,47,1,"(630.167, 1118.167)",1,"(510.25, 1177.25)",1,"(557.833, 935.5)",1,"(370.5, 1206.5)",1,"(380.833, 879.833)",1,"(246.833, 1028.833)","(520.167, 1112.167)","(443.5, 1031.5)",0.08972059313432722,6.357526528561716,6,"(336.167, 949.833)"
CA40,g24,2_00-00-17,5,3.56, ,48,1,"(630.167, 1118.167)",0,0,1,"(557.833, 935.5)",1,"(370.5, 1206.5)",1,"(380.833, 879.833)",1,"(246.833, 1028.833)","(522.167, 1112.167)","(450.167, 1033.5)",0.0,0.0,5,"(336.833, 949.833)"
CA40,g24,2_00-00-17,5,3.56, ,49,1,"(630.167, 1118.167)",0,0,1,"(557.5, 935.0)",1,"(370.5, 1206.5)",1,"(380.833, 879.833)",1,"(246.833, 1028.833)","(524.167, 1112.167)","(450.167, 1033.5)",0.012149698434557361,0.86091751529193,5,"(336.833, 961.833)"
CA40,g24,2_00-00-17,5,3.56, ,50,1,"(630.167, 1118.167)",0,0,1,"(557.5, 935.0)",1,"(370.5, 1206.5)",1,"(380.833, 879.833)",1,"(246.833, 1028.833)","(529.5, 1116.833)","(450.833, 1034.167)",0.09607079588442181,6.807496608284983,5,"(336.167, 968.5)"
CA40,g24,2_00-00-17,5,3.56, ,51,1,"(630.167, 1118.167)",0,0,1,"(557.5, 935.0)",1,"(370.5, 1206.5)",1,"(380.833, 879.833)",1,"(246.833, 1028.833)","(529.5, 1120.833)","(449.5, 1041.5)",0.14405244245454246,10.207436134954293,5,"(335.5, 977.167)"
CA40,g24,2_00-00-17,5,3.56, ,52,1,"(630.167, 1118.167)",1,"(598.75, 1222.25)",1,"(551.0, 934.0)",1,"(370.5, 1206.5)",1,"(380.833, 879.833)",1,"(246.833, 1028.833)","(533.5, 1120.167)","(452.833, 1052.167)",0.027171621334700618,1.9253584648149242,6,"(336.833, 982.5)"
CA40,g24,2_00-00-17,5,3.56, ,53,1,"(630.167, 1118.167)",1,"(598.75, 1222.25)",1,"(551.0, 934.0)",1,"(370.5, 1206.5)",1,"(380.833, 879.833)",1,"(246.833, 1028.833)","(537.5, 1118.833)","(452.167, 1054.167)",0.07781593509956146,5.513972371979554,6,"(337.5, 989.167)"
CA40,g24,2_00-00-17,5,3.56, ,54,1,"(630.167, 1118.167)",1,"(598.75, 1222.25)",1,"(551.0, 934.0)",1,"(370.5, 1206.5)",1,"(397.5, 895.167)",0,0,"(538.833, 1116.833)","(451.5, 1060.167)",0.07085679230212655,5.020853307502324,5,"(336.167, 993.833)"
CA40,g24,2_00-00-17,5,3.56, ,55,1,"(630.167, 1118.167)",1,"(598.75, 1222.25)",1,"(551.0, 934.0)",1,"(370.5, 1206.5)",1,"(397.5, 895.167)",0,0,"(544.833, 1116.833)","(456.833, 1061.5)",0.04627543245446991,3.2790386150200117,5,"(336.167, 996.5)"
CA40,g24,2_00-00-17,5,3.56, ,56,1,"(630.167, 1118.167)",1,"(598.75, 1222.25)",1,"(551.0, 934.0)",1,"(370.5, 1206.5)",1,"(397.5, 895.167)",0,0,"(549.5, 1116.833)","(458.167, 1064.833)",0.0619622574438291,4.390593972990548,5,"(336.167, 1005.167)"
CA40,g24,2_00-00-17,5,3.56, ,57,1,"(630.167, 1118.167)",1,"(598.75, 1222.25)",1,"(551.0, 934.0)",1,"(370.5, 1206.5)",1,"(397.5, 895.167)",1,"(295.5, 1103.167)","(555.5, 1116.833)","(460.833, 1068.833)",0.0462873997018941,3.2798866042086163,6,"(339.5, 1010.5)"
CA40,g24,2_00-00-17,5,3.56, ,58,1,"(630.167, 1118.167)",1,"(598.75, 1222.25)",1,"(551.0, 934.0)",1,"(370.5, 1206.5)",1,"(393.5, 901.833)",1,"(295.5, 1103.167)","(560.167, 1118.167)","(464.167, 1070.167)",0.06543657275090455,4.636781062951607,6,"(342.167, 1012.5)"
CA40,g24,2_00-00-17,5,3.56, ,59,1,"(630.167, 1118.167)",1,"(598.75, 1222.25)",1,"(551.0, 934.0)",1,"(370.5, 1206.5)",1,"(393.5, 901.833)",1,"(295.5, 1103.167)","(563.5, 1116.167)","(468.833, 1072.167)",0.01921900484237387,1.361842681479105,6,"(343.5, 1016.5)"
CA40,g24,2_00-00-17,5,3.56, ,60,1,"(630.167, 1118.167)",1,"(598.75, 1222.25)",1,"(543.25, 931.25)",1,"(370.5, 1206.5)",1,"(393.5, 901.833)",1,"(295.5, 1103.167)","(565.5, 1116.167)","(470.167, 1072.833)",0.043813932416158045,3.1046187717383913,6,"(344.5, 1016.5)"
CA40,g24,2_00-00-17,5,3.56, ,61,1,"(630.167, 1118.167)",1,"(598.75, 1222.25)",1,"(543.25, 931.25)",1,"(370.5, 1206.5)",1,"(393.5, 901.833)",1,"(295.5, 1103.167)","(566.167, 1116.833)","(473.5, 1073.5)",0.025779840164990978,1.8267380099196442,6,"(346.5, 1017.167)"
CA40,g24,2_00-00-17,5,3.56, ,62,1,"(630.167, 1118.167)",1,"(598.75, 1222.25)",1,"(543.25, 931.25)",1,"(370.5, 1206.5)",1,"(393.5, 901.833)",1,"(295.5, 1103.167)","(566.833, 1116.833)","(473.5, 1075.5)",0.027175696568060435,1.925647232457781,6,"(352.5, 1019.167)"
CA40,g24,2_00-00-17,5,3.56, ,63,1,"(630.167, 1118.167)",1,"(598.75, 1222.25)",1,"(543.25, 931.25)",1,"(370.5, 1206.5)",1,"(393.5, 901.833)",1,"(295.5, 1103.167)","(570.833, 1118.833)","(475.5, 1076.167)",0.03436452693993513,2.4350417672230384,6,"(353.833, 1021.833)"
CA40,g24,2_00-00-17,5,3.56, ,64,0,0,1,"(598.75, 1222.25)",1,"(543.25, 931.25)",1,"(370.5, 1206.5)",0,0,1,"(295.5, 1103.167)","(572.833, 1122.167)","(475.5, 1078.833)",0.019213237701599547,1.3614340266855303,4,"(355.833, 1023.833)"
CA40,g24,2_00-00-17,5,3.56, ,65,0,0,1,"(598.75, 1222.25)",1,"(543.25, 931.25)",0,0,0,0,1,"(295.5, 1103.167)","(580.833, 1123.5)","(476.833, 1079.5)",0.0810738521880509,5.74482566434373,3,"(359.167, 1026.5)"
CA40,g24,2_00-00-17,5,3.56, ,66,1,"(707.167, 1031.167)",1,"(598.75, 1222.25)",1,"(543.25, 931.25)",0,0,0,0,1,"(295.5, 1103.167)","(581.5, 1123.5)","(482.167, 1082.833)",0.05435139313612087,3.851294464915562,4,"(365.833, 1027.167)"
CA40,g24,2_00-00-17,5,3.56, ,67,1,"(707.167, 1031.167)",1,"(598.75, 1222.25)",1,"(543.25, 931.25)",0,0,0,0,1,"(295.5, 1103.167)","(587.5, 1123.5)","(486.167, 1084.167)",0.03842070912615758,2.722459459780874,4,"(366.5, 1027.833)"
CA40,g24,2_00-00-17,5,3.56, ,68,1,"(707.167, 1031.167)",1,"(598.75, 1222.25)",1,"(543.0, 932.5)",0,0,0,0,1,"(295.5, 1103.167)","(592.167, 1123.5)","(488.833, 1085.5)",0.04382657180390084,3.105514388230352,4,"(368.5, 1028.5)"
CA40,g24,2_00-00-17,5,3.56, ,69,1,"(707.0, 1031.25)",1,"(598.75, 1222.25)",1,"(543.25, 931.25)",0,0,0,0,1,"(295.5, 1103.167)","(594.833, 1120.833)","(492.167, 1084.833)",0.08592420726991562,6.088517787062223,4,"(375.833, 1029.167)"
CA40,g24,2_00-00-17,5,3.56, ,70,1,"(707.0, 1031.25)",1,"(598.75, 1222.25)",1,"(543.25, 931.25)",0,0,1,"(457.5, 907.833)",0,0,"(606.167, 1119.5)","(498.833, 1084.833)",0.12889920082495487,9.133690049598219,4,"(379.833, 1029.833)"
CA40,g24,2_00-00-17,5,3.56, ,71,1,"(707.0, 1031.25)",1,"(598.75, 1222.25)",0,0,0,0,1,"(457.5, 907.833)",0,0,"(616.167, 1118.167)","(508.833, 1084.833)",0.20226927527593355,14.33263243762151,3,"(386.5, 1029.167)"
CA40,g24,2_00-00-17,5,3.56, ,72,1,"(707.0, 1031.25)",1,"(598.75, 1222.25)",1,"(557.833, 935.5)",0,0,1,"(457.5, 907.833)",0,0,"(631.5, 1111.5)","(524.167, 1081.5)",0.12511709538774532,8.865693207280447,4,"(397.833, 1027.167)"
CA40,g24,2_00-00-17,5,3.56, ,73,1,"(707.0, 1031.25)",1,"(598.75, 1222.25)",1,"(557.833, 935.5)",0,0,1,"(457.5, 907.833)",0,0,"(641.5, 1109.5)","(533.5, 1078.833)",0.25024304343982307,17.732013706984805,4,"(411.833, 1029.167)"
CA40,g24,2_00-00-17,5,3.56, ,74,1,"(707.0, 1031.25)",1,"(598.75, 1222.25)",1,"(557.833, 935.5)",1,"(423.167, 1158.833)",1,"(457.5, 907.833)",1,"(461.167, 1106.833)","(650.833, 1106.833)","(552.167, 1073.5)",0.15467904098994587,10.960428059517865,6,"(418.5, 1029.833)"
CA40,g24,2_00-00-17,5,3.56, ,75,1,"(707.0, 1031.25)",1,"(598.75, 1222.25)",1,"(557.833, 935.5)",1,"(423.167, 1158.833)",1,"(457.5, 907.833)",1,"(461.167, 1106.833)","(658.167, 1103.5)","(564.167, 1073.5)",0.09919024078772888,7.028537876898414,6,"(425.167, 1029.167)"
CA40,g24,2_00-00-17,5,3.56, ,76,1,"(707.0, 1031.25)",1,"(598.75, 1222.25)",1,"(557.833, 935.5)",1,"(423.167, 1158.833)",1,"(457.5, 907.833)",1,"(461.167, 1106.833)","(664.833, 1103.5)","(571.5, 1075.833)",0.08152301263646249,5.776652799749335,6,"(429.833, 1031.167)"
CA40,g24,2_00-00-17,5,3.56, ,77,1,"(707.0, 1031.25)",1,"(598.75, 1222.25)",1,"(557.833, 935.5)",1,"(423.167, 1158.833)",1,"(457.5, 907.833)",1,"(461.167, 1106.833)","(668.833, 1103.5)","(577.5, 1077.833)",0.017195153390046826,1.2184342526162497,6,"(431.833, 1031.167)"
CA40,g24,2_00-00-17,5,3.56, ,78,1,"(707.0, 1031.25)",1,"(598.75, 1222.25)",1,"(557.833, 935.5)",1,"(423.167, 1158.833)",0,0,1,"(461.167, 1106.833)","(675.5, 1100.167)","(577.5, 1079.167)",0.04296983766434061,3.0448069204138606,5,"(432.5, 1031.833)"
CA40,g24,2_00-00-17,5,3.56, ,79,1,"(707.0, 1031.25)",1,"(598.75, 1222.25)",1,"(557.833, 935.5)",1,"(423.167, 1158.833)",0,0,1,"(461.167, 1106.833)","(676.833, 1098.833)","(580.167, 1081.167)",0.019207473154354074,1.3610255556672506,5,"(438.5, 1035.167)"
CA40,g24,2_00-00-17,5,3.56, ,80,1,"(707.0, 1031.25)",1,"(598.75, 1222.25)",1,"(557.833, 935.5)",1,"(423.167, 1158.833)",0,0,1,"(461.167, 1106.833)","(690.167, 1102.167)","(581.5, 1081.833)",0.10347608124558842,7.332228963372076,5,"(442.167, 1039.167)"
CA40,g24,2_00-00-17,5,3.56, ,81,1,"(707.0, 1031.25)",0,0,1,"(557.833, 935.5)",1,"(423.167, 1158.167)",0,0,1,"(461.167, 1106.833)","(696.833, 1099.5)","(589.5, 1081.167)",0.05435139313612087,3.851294464915562,4,"(447.5, 1044.5)"
CA40,g24,2_00-00-17,5,3.56, ,82,1,"(707.0, 1031.25)",0,0,1,"(557.833, 935.5)",1,"(423.167, 1158.167)",1,"(511.167, 930.167)",1,"(461.167, 1106.833)","(702.833, 1098.833)","(593.5, 1079.833)",0.012158809565645998,0.8615631224549866,5,"(450.833, 1046.5)"
CA40,g24,2_00-00-17,5,3.56, ,83,1,"(707.833, 1029.833)",0,0,1,"(557.833, 935.5)",1,"(423.167, 1158.167)",1,"(511.167, 930.167)",1,"(461.167, 1106.833)","(708.833, 1096.833)","(594.167, 1080.5)",0.0,0.0,5,"(454.167, 1047.833)"
CA40,g24,2_00-00-17,5,3.56, ,84,1,"(707.833, 1029.833)",0,0,1,"(557.833, 935.5)",1,"(423.167, 1158.167)",1,"(511.167, 930.167)",1,"(461.167, 1106.833)","(714.167, 1097.5)","(594.167, 1080.5)",0.03842070912615627,2.722459459780781,5,"(459.5, 1050.5)"
CA40,g24,2_00-00-17,5,3.56, ,85,1,"(707.833, 1029.833)",0,0,1,"(557.833, 935.5)",1,"(423.167, 1158.167)",1,"(511.167, 930.167)",1,"(461.167, 1106.833)","(721.5, 1098.167)","(596.833, 1081.833)",0.0,0.0,5,"(464.833, 1052.5)"
CA40,g24,2_00-00-17,5,3.56, ,86,1,"(707.833, 1029.833)",0,0,1,"(557.833, 935.5)",1,"(423.167, 1158.167)",1,"(511.167, 930.167)",1,"(461.167, 1106.833)","(724.167, 1098.167)","(596.833, 1081.833)",0.008597576695023413,0.6092171263081249,5,"(466.833, 1053.167)"
CA40,g24,2_00-00-17,5,3.56, ,87,1,"(707.833, 1029.833)",1,"(787.5, 1175.75)",1,"(557.833, 935.5)",1,"(445.167, 1155.5)",1,"(511.167, 930.167)",1,"(461.167, 1106.833)","(727.5, 1098.167)","(596.833, 1082.5)",0.0,0.0,6,"(470.833, 1052.5)"
CA40,g24,2_00-00-17,5,3.56, ,88,1,"(707.833, 1029.833)",1,"(787.5, 1175.75)",1,"(571.5, 945.0)",1,"(445.167, 1155.5)",1,"(511.167, 930.167)",1,"(461.167, 1106.833)","(727.5, 1098.167)","(596.833, 1082.5)",0.03543621191654148,2.5109804723855786,6,"(470.833, 1052.5)"
CA40,g24,2_00-00-17,5,3.56, ,89,1,"(707.833, 1029.833)",1,"(787.5, 1175.75)",1,"(571.0, 945.0)",1,"(445.167, 1155.5)",1,"(511.167, 930.167)",1,"(461.167, 1106.833)","(730.833, 1098.167)","(597.5, 1085.167)",0.11003828530270221,7.797221279199448,6,"(475.5, 1053.167)"
CA40,g24,2_00-00-17,5,3.56, ,90,1,"(707.833, 1029.833)",1,"(787.5, 1175.75)",1,"(712.833, 923.167)",1,"(445.167, 1155.5)",1,"(511.167, 930.167)",1,"(461.167, 1106.833)","(730.833, 1098.167)","(602.833, 1091.833)",0.0739306813429198,5.238666525627622,6,"(476.167, 1061.167)"
CA40,g24,2_00-00-17,5,3.56, ,91,0,0,1,"(787.5, 1175.75)",1,"(712.833, 923.167)",1,"(445.167, 1155.5)",1,"(510.5, 941.5)",1,"(461.167, 1106.833)","(730.833, 1100.167)","(606.167, 1096.5)",0.05502316910818563,3.89889595097861,5,"(478.167, 1064.5)"
CA40,g24,2_00-00-17,5,3.56, ,92,0,0,1,"(787.5, 1175.75)",1,"(712.833, 923.167)",1,"(445.167, 1155.5)",1,"(510.5, 941.5)",1,"(461.167, 1106.833)","(733.5, 1101.5)","(609.5, 1099.167)",0.055015116654846055,3.8983253608394017,5,"(483.5, 1064.5)"
CA40,g24,2_00-00-17,5,3.56, ,93,0,0,1,"(787.5, 1175.75)",1,"(712.833, 923.167)",1,"(445.167, 1155.5)",1,"(510.5, 941.5)",1,"(461.167, 1106.833)","(733.5, 1106.167)","(612.833, 1101.833)",0.042969837664339434,3.044806920413777,5,"(484.167, 1061.833)"
CA40,g24,2_00-00-17,5,3.56, ,94,0,0,1,"(787.5, 1175.75)",1,"(712.833, 923.167)",1,"(445.167, 1155.5)",1,"(510.5, 941.5)",1,"(461.167, 1106.833)","(733.5, 1106.167)","(614.833, 1104.5)",0.0,0.0,5,"(484.167, 1061.833)"
CA40,g24,2_00-00-17,5,3.56, ,95,0,0,1,"(787.5, 1175.75)",1,"(712.833, 923.167)",1,"(445.167, 1155.5)",1,"(510.5, 941.5)",1,"(461.167, 1106.833)","(739.5, 1106.167)","(614.833, 1104.5)",0.012158809565645998,0.8615631224549866,5,"(485.5, 1058.5)"
CA40,g24,2_00-00-17,5,3.56, ,96,0,0,1,"(787.5, 1175.75)",1,"(712.833, 923.167)",1,"(445.167, 1155.5)",1,"(510.5, 941.5)",1,"(461.167, 1106.833)","(740.167, 1106.167)","(615.5, 1103.833)",0.019207473154354074,1.3610255556672506,5,"(486.167, 1059.167)"
CA40,g24,2_00-00-17,5,3.56, ,97,0,0,1,"(787.5, 1175.75)",1,"(712.833, 923.167)",1,"(445.167, 1155.5)",1,"(510.5, 941.5)",1,"(461.167, 1106.833)","(741.5, 1105.5)","(616.833, 1103.167)",0.051559680329981955,3.6534760198392884,5,"(488.167, 1063.167)"
CA40,g24,2_00-00-17,5,3.56, ,98,0,0,1,"(787.5, 1175.75)",1,"(712.833, 923.167)",1,"(445.167, 1155.5)",0,0,1,"(461.167, 1106.833)","(742.167, 1104.833)","(620.833, 1103.167)",0.060157257025006836,4.262693146147517,4,"(490.167, 1067.167)"
CA40,g24,2_00-00-17,5,3.56, ,99,0,0,1,"(787.5, 1175.75)",1,"(712.833, 923.167)",1,"(445.167, 1155.5)",0,0,1,"(461.167, 1106.833)","(749.5, 1103.5)","(625.5, 1103.167)",0.038432238653488354,2.7232764324881034,4,"(491.5, 1068.5)"
CA40,g24,2_00-00-17,5,3.56, ,100,0,0,1,"(787.5, 1175.75)",1,"(712.833, 923.167)",1,"(445.167, 1155.5)",0,0,1,"(460.833, 1105.5)","(749.5, 1102.833)","(628.167, 1104.5)",0.008584686774941222,0.6083037573031866,4,"(488.167, 1066.5)"
CA40,g24,2_00-00-17,5,3.56, ,101,0,0,1,"(787.5, 1175.75)",1,"(712.833, 923.167)",1,"(445.167, 1155.5)",1,"(525.167, 968.833)",1,"(460.833, 1105.5)","(750.167, 1102.833)","(628.833, 1104.5)",0.0,0.0,5,"(488.833, 1067.167)"
CA40,g24,2_00-00-17,5,3.56, ,102,0,0,1,"(787.5, 1175.75)",1,"(712.833, 923.167)",1,"(445.167, 1155.5)",1,"(525.167, 968.833)",1,"(460.833, 1105.5)","(750.833, 1102.833)","(628.833, 1104.5)",0.012158809565645998,0.8615631224549866,5,"(492.833, 1069.167)"
CA40,g24,2_00-00-17,5,3.56, ,103,0,0,1,"(787.5, 1175.75)",1,"(712.833, 923.167)",1,"(445.167, 1155.5)",1,"(525.167, 968.833)",1,"(460.833, 1105.5)","(754.167, 1102.833)","(629.5, 1103.833)",0.008597576695024877,0.6092171263082287,5,"(498.167, 1069.167)"
CA40,g24,2_00-00-17,5,3.56, ,104,1,"(801.25, 943.75)",1,"(787.5, 1175.75)",1,"(712.833, 923.167)",1,"(445.167, 1155.5)",1,"(525.167, 968.833)",1,"(460.833, 1105.5)","(754.167, 1102.833)","(630.167, 1103.833)",0.0,0.0,6,"(500.167, 1068.5)"
CA40,g24,2_00-00-17,5,3.56, ,105,1,"(801.25, 943.75)",1,"(787.5, 1175.75)",1,"(712.833, 923.167)",1,"(445.167, 1155.5)",1,"(525.167, 968.833)",1,"(460.833, 1105.5)","(753.5, 1102.833)","(630.167, 1103.833)",0.0,0.0,6,"(500.167, 1068.5)"
CA40,g24,2_00-00-17,5,3.56, ,106,1,"(801.25, 943.75)",1,"(787.5, 1175.75)",1,"(712.833, 923.167)",1,"(445.167, 1155.5)",1,"(525.167, 968.833)",1,"(460.833, 1105.5)","(753.5, 1102.833)","(630.167, 1103.833)",0.0,0.0,6,"(500.167, 1068.5)"
CA40,g24,2_00-00-17,5,3.56, ,107,1,"(801.25, 943.75)",1,"(787.5, 1175.75)",1,"(712.833, 923.167)",1,"(445.167, 1155.5)",1,"(525.167, 968.833)",1,"(460.833, 1105.5)","(753.5, 1102.833)","(630.167, 1103.833)",0.0,0.0,6,"(500.167, 1068.5)"
CA40,g24,2_00-00-17,5,3.56, ,108,1,"(801.25, 943.75)",1,"(787.5, 1175.75)",1,"(712.833, 923.167)",1,"(445.167, 1155.5)",1,"(525.167, 968.833)",1,"(460.833, 1105.5)","(753.5, 1102.833)","(630.167, 1103.833)",0.0,0.0,6,"(500.167, 1068.5)"
CA40,g24,2_00-00-17,5,3.56, ,109,1,"(801.25, 943.75)",1,"(787.5, 1175.75)",1,"(712.833, 923.167)",1,"(445.167, 1155.5)",1,"(525.167, 968.833)",1,"(460.833, 1105.5)","(753.5, 1102.833)","(630.167, 1103.833)",0.0,0.0,6,"(500.167, 1068.5)"
