,fly,treatment,trial,iteration,body_length,limb_length,L1_swing_start,L1_stance_start,L1_swing,L1_stance,L1_period,L1_duty_factor,L1_step_length,L1_pull_back,L1_stride_length,L1_stride_speed,L1_AEP,L1_PEP,R1_swing_start,R1_stance_start,R1_swing,R1_stance,R1_period,R1_duty_factor,R1_step_length,R1_pull_back,R1_stride_length,R1_stride_speed,R1_AEP,R1_PEP,L2_swing_start,L2_stance_start,L2_swing,L2_stance,L2_period,L2_duty_factor,L2_step_length,L2_pull_back,L2_stride_length,L2_stride_speed,L2_AEP,L2_PEP,R2_swing_start,R2_stance_start,R2_swing,R2_stance,R2_period,R2_duty_factor,R2_step_length,R2_pull_back,R2_stride_length,R2_stride_speed,R2_AEP,R2_PEP,L3_swing_start,L3_stance_start,L3_swing,L3_stance,L3_period,L3_duty_factor,L3_step_length,L3_pull_back,L3_stride_length,L3_stride_speed,L3_AEP,L3_PEP,R3_swing_start,R3_stance_start,R3_swing,R3_stance,R3_period,R3_duty_factor,R3_step_length,R3_pull_back,R3_stride_length,R3_stride_speed,R3_AEP,R3_PEP
0,CA62,g100,3_00-00-04,1,2.8657,0.0128930278373364,4.0,10.0,0.025,0.0333333333333333,0.0583333333333333,0.5714285714285714,1.8649255550378496,0.0,1.7440380924661918,27.930849717329178,"(731.25, 1059.0)","(643.5, 945.25)",11.0,17.0,0.025,0.0291666666666666,0.0541666666666666,0.5384615384615384,2.309676556747059,0.0,1.4157019784944405,32.24207889110825,"(612.0, 1206.25)","(473.75, 1094.25)",13.0,18.0,0.0208333333333333,0.0333333333333333,0.0541666666666666,0.6153846153846153,1.507992865459109,0.0,1.9789991177877064,36.43442403762536,"(756.75, 976.5)","(668.25, 901.25)",6.0,10.0,0.0166666666666666,0.0333333333333333,0.05,0.6666666666666666,1.6300653875258746,0.0,2.1331572565545205,31.301997100670864,"(459.0, 1058.5)","(389.0, 954.25)",8.0,13.0,0.0208333333333333,0.025,0.0458333333333333,0.5454545454545455,1.290653573055108,0.0,1.7069824437121996,31.951013684690537,"(626.0, 852.5)","(553.0, 785.0)",11.0,17.0,0.025,0.0208333333333333,0.0458333333333333,0.4545454545454545,1.7056152490011502,0.0653105558092242,1.8752402834092727,33.43996412795015,"(505.5, 971.0)","(441.5, 856.25)"
1,CA62,g100,3_00-00-04,1,2.8657,0.0128930278373364,18.0,24.0,0.025,0.025,0.05,0.5,1.7440380924661918,0.0,1.507713474290468,38.045636789899625,"(839.0, 1139.25)","(731.25, 1059.0)",24.0,29.0,0.0208333333333333,0.025,0.0458333333333333,0.5454545454545455,1.4157019784944405,0.0,1.4157019784944405,35.74161204683853,"(666.0, 1301.0)","(612.0, 1206.25)",26.0,30.0,0.0166666666666666,0.0333333333333333,0.05,0.6666666666666666,1.9789991177877064,0.0370021998349805,1.9789991177877064,38.27174078539761,"(861.25, 1087.5)","(756.75, 976.5)",18.0,22.0,0.0166666666666666,0.0375,0.0541666666666666,0.6923076923076923,2.1331572565545205,0.0,1.6032246600524327,37.18975026690148,"(568.25, 1181.25)","(459.0, 1058.5)",19.0,26.0,0.0291666666666666,0.0208333333333333,0.05,0.4166666666666666,1.7069824437121996,0.0,1.7764909898468848,37.100892554556765,"(696.5, 963.5)","(626.0, 852.5)",22.0,30.0,0.0333333333333333,0.0208333333333333,0.0541666666666666,0.3846153846153846,1.856928602053886,0.1206014994363682,1.8752402834092727,34.50094719777785,"(605.5, 1075.25)","(510.0, 968.75)"
2,CA62,g100,3_00-00-04,1,2.8657,0.0128930278373364,30.0,,,,,,,,,,,"(839.0, 1139.25)",35.0,,,,,,,,,,,"(666.0, 1301.0)",38.0,,,,,,,,,,,"(859.0, 1085.75)",31.0,,,,,,,,,,,"(568.25, 1181.25)",31.0,,,,,,,,,,,"(696.5, 963.5)",35.0,,,,,,,,,,,"(601.75, 1083.75)"
3,CA62,g100,1_00-00-55,1,2.8657,0.0128930278373364,10.0,16.0,0.025,0.0333333333333333,0.0583333333333333,0.5714285714285714,1.3296700764504144,0.0,1.831447804981968,26.8923568858858,"(433.75, 895.0)","(404.0, 799.5)",4.0,13.0,0.0375,0.0208333333333333,0.0583333333333333,0.3571428571428571,0.5241117903432115,0.0,1.251430370624402,21.55451998366249,"(223.0, 915.75)","(231.5, 877.25)",5.0,9.0,0.0166666666666666,0.0458333333333333,0.0625,0.7333333333333333,1.8875892168549369,0.0,1.6017649589345546,23.91446867169243,"(455.25, 760.0)","(412.0, 624.75)",13.0,16.0,0.0125,0.0375,0.05,0.7499999999999999,1.2884264243147128,0.0894823906559399,1.5987524301671348,33.10239617812922,"(185.0, 853.5)","(123.0, 779.0)",12.0,17.0,0.0208333333333333,0.0333333333333333,0.0541666666666666,0.6153846153846153,1.7417509142826817,0.0601873880923597,1.798466329509902,30.55605801058082,"(374.25, 684.0)","(352.75, 554.75)",6.0,11.0,0.0208333333333333,0.025,0.0458333333333333,0.5454545454545455,1.0347187592182785,0.0,1.7507286881967956,20.45296864742165,"(164.5, 643.75)","(157.25, 566.25)"
4,CA62,g100,1_00-00-55,1,2.8657,0.0128930278373364,24.0,29.0,0.0208333333333333,0.0375,0.0583333333333333,0.6428571428571428,1.831447804981968,0.0,1.5908820507682433,31.677569968122263,"(487.75, 1021.75)","(433.75, 895.0)",18.0,23.0,0.0208333333333333,0.0291666666666666,0.05,0.5833333333333333,1.251430370624402,0.0,1.654726067229769,33.58755626980611,"(240.5, 1008.25)","(223.0, 915.75)",20.0,24.0,0.0166666666666666,0.0416666666666666,0.0583333333333333,0.7142857142857142,1.6017649589345546,0.0,1.2816238005089728,30.66634410867325,"(495.0, 873.75)","(455.25, 760.0)",25.0,29.0,0.0166666666666666,0.0416666666666666,0.0583333333333333,0.7142857142857142,1.6745503681865108,0.0731124362924816,1.6618656022091085,30.98914443503769,"(208.25, 971.5)","(187.5, 847.25)",25.0,34.0,0.0375,0.025,0.0625,0.4,1.8553052729882624,0.0,1.6797920760903091,30.504069196215937,"(433.25, 805.75)","(373.75, 679.5)",17.0,23.0,0.025,0.0375,0.0625,0.6,1.7507286881967956,0.0,1.72038096353396,32.62740867824309,"(244.0, 748.75)","(164.5, 643.75)"
5,CA62,g100,1_00-00-55,1,2.8657,0.0128930278373364,38.0,,,,,,,,,,,"(487.75, 1021.75)",30.0,36.0,0.025,0.0375,0.0625,0.6,1.654726067229769,0.0,1.7107566402417478,30.57073107541179,"(293.25, 1121.0)","(240.5, 1008.25)",34.0,38.0,0.0166666666666666,0.0375,0.0541666666666666,0.6923076923076923,1.2816238005089728,0.0606443983607349,1.515960617108513,32.299941879042656,"(533.25, 962.25)","(495.0, 873.75)",39.0,,,,,,,,,,,"(208.25, 966.0)",40.0,,,,,,,,,,,"(433.25, 805.75)",32.0,38.0,0.025,0.0208333333333333,0.0458333333333333,0.4545454545454545,1.72038096353396,0.0,1.8210005759661447,31.02673294118565,"(289.25, 870.0)","(244.0, 748.75)"
6,CA62,g100,1_00-00-55,1,2.8657,0.0128930278373364,,,,,,,,,,,,,45.0,,,,,,,,,,,"(293.25, 1121.0)",47.0,,,,,,,,,,,"(532.5, 957.75)",,,,,,,,,,,,,,,,,,,,,,,,,43.0,,,,,,,,,,,"(289.25, 870.0)"
7,CA62,g100,1_00-00-57,1,2.8657,0.0128930278373364,4.0,9.0,0.0208333333333333,0.0333333333333333,0.0541666666666666,0.6153846153846153,1.4533239953814383,0.0,1.278116955039505,26.496848341292104,"(595.75, 1223.25)","(544.0, 1127.25)",10.0,15.0,0.0208333333333333,0.0333333333333333,0.0541666666666666,0.6153846153846153,1.9574286823152465,0.0,2.066348255336488,30.433115866173893,"(416.75, 1366.75)","(344.25, 1239.0)",13.0,16.0,0.0125,0.0375,0.05,0.7499999999999999,1.380700952988568,0.0,1.0016018902925272,28.064598678162238,"(629.0, 1154.5)","(568.0, 1070.75)",5.0,9.0,0.0166666666666666,0.0291666666666666,0.0458333333333333,0.6363636363636365,1.8785417736593493,0.0,2.3144395994857936,28.453539902070982,"(318.25, 1213.5)","(301.75, 1073.5)",5.0,11.0,0.025,0.0416666666666666,0.0666666666666666,0.625,1.205614148392168,0.0,1.2027430913030814,30.21447594776527,"(498.5, 1029.25)","(456.25, 949.25)",11.0,16.0,0.0208333333333333,0.0333333333333333,0.0541666666666666,0.6153846153846153,1.569703925684217,0.1085163147616747,1.902532367318708,27.899896649122116,"(367.75, 1108.75)","(342.25, 993.75)"
8,CA62,g100,1_00-00-57,1,2.8657,0.0128930278373364,17.0,23.0,0.025,0.025,0.05,0.5,1.278116955039505,0.0,1.6489989793361,30.577116204946755,"(674.5, 1278.0)","(595.75, 1223.25)",23.0,27.0,0.0166666666666666,0.0333333333333333,0.05,0.6666666666666666,2.066348255336488,0.2034659593879465,1.5459292516183127,33.63654366922907,"(544.25, 1455.0)","(416.75, 1366.75)",25.0,29.0,0.0166666666666666,0.0375,0.0541666666666666,0.6923076923076923,1.0016018902925272,0.0657070766097916,1.7638768487594236,36.59663995125912,"(687.25, 1202.0)","(629.0, 1154.5)",16.0,21.0,0.0208333333333333,0.0375,0.0583333333333333,0.6428571428571428,2.3144395994857936,0.0,1.6341415354644038,28.959778550844984,"(425.0, 1350.5)","(318.25, 1213.5)",21.0,25.0,0.0166666666666666,0.0333333333333333,0.05,0.6666666666666666,1.2027430913030814,0.0712189300296766,1.60324214680808,29.15790154183638,"(559.25, 1096.0)","(498.5, 1029.25)",24.0,30.0,0.025,0.0291666666666666,0.0541666666666666,0.5384615384615384,1.7985801873755791,0.0495260260205942,1.663300083120835,35.69982210739792,"(447.75, 1227.0)","(370.25, 1116.5)"
9,CA62,g100,1_00-00-57,1,2.8657,0.0128930278373364,29.0,36.0,0.0291666666666666,0.0291666666666666,0.0583333333333333,0.5,1.6489989793361,0.0,1.680665317500728,35.55082466679194,"(783.0, 1337.5)","(674.5, 1278.0)",35.0,,,,,,,,,,,"(534.5, 1443.25)",38.0,,,,,,,,,,,"(683.0, 1199.5)",30.0,35.0,0.0208333333333333,0.0375,0.0583333333333333,0.6428571428571428,1.6341415354644038,0.0,1.0985808112269062,37.24081882514416,"(515.5, 1433.25)","(425.0, 1350.5)",33.0,38.0,0.0208333333333333,0.025,0.0458333333333333,0.5454545454545455,1.6609796880884249,0.0406659084740007,1.5459400206045233,37.11246091043247,"(640.75, 1184.5)","(554.0, 1095.0)",37.0,,,,,,,,,,,"(445.25, 1224.25)"
10,CA62,g100,1_00-00-57,1,2.8657,0.0128930278373364,43.0,,,,,,,,,,,"(783.0, 1337.5)",,,,,,,,,,,,,,,,,,,,,,,,,44.0,,,,,,,,,,,"(515.5, 1433.25)",44.0,,,,,,,,,,,"(639.0, 1187.0)",,,,,,,,,,,,
11,CA62,g100,2_00-00-28,1,2.8657,0.0128930278373364,7.0,12.0,0.0208333333333333,0.0291666666666666,0.05,0.5833333333333333,1.3600776851482186,0.0,1.789050787363894,43.12423042940662,"(749.0, 804.25)","(737.75, 703.0)",1.0,7.0,0.025,0.025,0.05,0.5,1.691092487887203,0.0,1.6841250193110822,31.832128651618035,"(545.25, 727.5)","(551.75, 601.0)",3.0,7.0,0.0166666666666666,0.0291666666666666,0.0458333333333333,0.6363636363636365,1.409068940505672,0.0,2.018370162767732,39.03750334774447,"(805.75, 630.25)","(808.75, 524.75)",7.0,11.0,0.0166666666666666,0.0333333333333333,0.05,0.6666666666666666,1.825590200860565,0.0,2.475647351898826,43.12423042940662,"(509.0, 664.5)","(532.25, 529.75)",8.0,14.0,0.025,0.025,0.05,0.5,2.046243580409698,0.1604863833491491,1.9203682271712867,43.61821268230224,"(753.75, 577.75)","(782.75, 427.25)",2.0,6.0,0.0166666666666666,0.0291666666666666,0.0458333333333333,0.6363636363636365,1.9434624303557344,0.0,2.0603389716602325,34.72595852903786,"(579.75, 478.5)","(620.5, 338.75)"
12,CA62,g100,2_00-00-28,1,2.8657,0.0128930278373364,19.0,24.0,0.0208333333333333,0.0291666666666666,0.05,0.5833333333333333,1.789050787363894,0.0,1.8972130992898544,44.26358417865953,"(757.25, 938.0)","(749.0, 804.25)",13.0,17.0,0.0166666666666666,0.025,0.0416666666666666,0.6000000000000001,1.6841250193110822,0.0,2.1129181137857804,44.46124615985045,"(530.25, 852.75)","(545.25, 727.5)",14.0,19.0,0.0208333333333333,0.0333333333333333,0.0541666666666666,0.6153846153846153,2.018370162767732,0.0,1.4538254882557191,44.03987838342389,"(785.0, 780.0)","(805.75, 630.25)",19.0,24.0,0.0208333333333333,0.0333333333333333,0.0541666666666666,0.6153846153846153,2.475647351898826,0.0,2.422769420986988,43.397029916147694,"(486.0, 848.5)","(509.0, 664.5)",20.0,26.0,0.025,0.0208333333333333,0.0458333333333333,0.4545454545454545,1.7599908528011283,0.0,2.008507830886195,45.625898389756216,"(716.75, 716.75)","(750.25, 589.25)",13.0,19.0,0.025,0.025,0.05,0.5,2.0603389716602325,0.0,2.2934964335934698,46.561823021499976,"(569.75, 632.5)","(579.75, 478.5)"
13,CA62,g100,2_00-00-28,1,2.8657,0.0128930278373364,31.0,,,,,,,,,,,"(757.25, 938.0)",23.0,29.0,0.025,0.025,0.05,0.5,2.1129181137857804,0.0793356709798665,2.4618211476207934,45.9312832820216,"(532.25, 1011.0)","(530.25, 852.75)",27.0,30.0,0.0125,0.0333333333333333,0.0458333333333333,0.7272727272727273,1.4538254882557191,0.0,1.748006040239233,44.49086860488056,"(800.75, 887.75)","(785.0, 780.0)",32.0,37.0,0.0208333333333333,0.0208333333333333,0.0416666666666666,0.5,2.422769420986988,0.1230874372155349,1.355943252047091,37.674891036777886,"(504.75, 1029.0)","(486.0, 848.5)",31.0,,,,,,,,,,,"(716.75, 716.75)",25.0,31.0,0.025,0.0208333333333333,0.0458333333333333,0.4545454545454545,2.2934964335934698,0.0642014944169724,1.5390490451585042,45.83440158996181,"(548.75, 803.0)","(569.75, 632.5)"
14,CA62,g100,2_00-00-28,1,2.8657,0.0128930278373364,,,,,,,,,,,,,35.0,,,,,,,,,,,"(530.75, 1005.25)",38.0,,,,,,,,,,,"(800.75, 887.75)",42.0,,,,,,,,,,,"(502.75, 1038.0)",,,,,,,,,,,,,36.0,,,,,,,,,,,"(548.0, 798.25)"
15,CA61,g100,1_00-00-53,2,3.3756,0.0147012990067802,,2.0,,,,,,,,,"(379.0, 864.5)",,16.0,22.0,0.025,0.0333333333333333,0.0583333333333333,0.5714285714285714,1.615971857206583,0.0,1.4595464975881547,29.718198424541058,"(246.25, 1039.5)","(222.0, 918.75)",17.0,22.0,0.0208333333333333,0.0458333333333333,0.0666666666666666,0.6875,2.1968495497631326,0.1615645564381819,1.334994179996083,29.605188617967865,"(454.25, 927.5)","(411.0, 765.75)",11.0,17.0,0.025,0.0333333333333333,0.0583333333333333,0.5714285714285714,1.8339150041288892,0.0,1.6844567965177004,28.45697220160463,"(168.25, 927.75)","(136.0, 791.75)",10.0,17.0,0.0291666666666666,0.0333333333333333,0.0625,0.5333333333333333,1.8468444790590863,0.0,1.6405638410276104,28.92526793674624,"(381.5, 737.75)","(334.0, 605.25)",7.0,11.0,0.0166666666666666,0.0291666666666666,0.0458333333333333,0.6363636363636365,1.0872919827827927,0.0,1.7969344915666248,26.869970922009,"(153.75, 725.25)","(106.75, 657.0)"
16,CA61,g100,1_00-00-53,2,3.3756,0.0147012990067802,6.0,12.0,0.025,0.0458333333333333,0.0708333333333333,0.6470588235294117,1.0928787080969464,0.0,1.5132937503126695,25.30509175580396,"(388.5, 947.25)","(379.0, 864.5)",30.0,36.0,0.025,0.0333333333333333,0.0583333333333333,0.5714285714285714,1.4595464975881547,0.0,1.957157125673268,24.358020041437776,"(316.5, 1125.75)","(246.25, 1039.5)",33.0,37.0,0.0166666666666666,0.0416666666666666,0.0583333333333333,0.7142857142857142,1.4930544864296496,0.0,1.1961726236913088,23.391720880967146,"(486.5, 1024.0)","(453.0, 915.25)",25.0,30.0,0.0208333333333333,0.0333333333333333,0.0541666666666666,0.6153846153846153,1.6844567965177004,0.0,0.0,28.84474410732264,"(231.0, 1039.75)","(168.25, 927.75)",25.0,33.0,0.0333333333333333,0.0291666666666666,0.0625,0.4666666666666667,1.6405638410276104,0.0,1.4004660555563238,27.977852451808683,"(424.25, 855.25)","(381.5, 737.75)",18.0,24.0,0.025,0.0333333333333333,0.0583333333333333,0.5714285714285714,1.7969344915666248,0.0,1.7452651813554738,29.57891243314561,"(194.5, 856.0)","(153.75, 725.25)"
17,CA61,g100,1_00-00-53,2,3.3756,0.0147012990067802,23.0,28.0,0.0208333333333333,0.0416666666666666,0.0625,0.6666666666666666,1.5132937503126695,0.0,1.6449293106638845,29.35404345833528,"(448.5, 1045.75)","(388.5, 947.25)",44.0,50.0,0.025,0.0375,0.0625,0.6,1.957157125673268,0.0,1.564763319106532,29.16822135437024,"(351.5, 1270.75)","(316.5, 1125.75)",47.0,51.0,0.0166666666666666,0.0375,0.0541666666666666,0.6923076923076923,1.1961726236913088,0.0997634732738625,1.2444771237031516,30.38253414581571,"(532.0, 1103.0)","(486.5, 1024.0)",38.0,43.0,0.0208333333333333,0.0416666666666666,0.0625,0.6666666666666666,0.0,1.162233759355875,3.2176833277784653,26.22230141527557,"(231.0, 1039.75)","(231.0, 1039.75)",40.0,48.0,0.0333333333333333,0.025,0.0583333333333333,0.4285714285714286,1.4004660555563238,0.0,1.4107541699465551,27.576645785121364,"(442.0, 960.5)","(424.25, 855.25)",32.0,39.0,0.0291666666666666,0.0333333333333333,0.0625,0.5333333333333333,1.7452651813554738,0.0,1.6482423376689694,24.16168076970372,"(247.5, 978.0)","(194.5, 856.0)"
18,CA61,g100,1_00-00-53,2,3.3756,0.0147012990067802,38.0,43.0,0.0208333333333333,0.0375,0.0583333333333333,0.6428571428571428,1.6449293106638845,0.0,1.4927229495967853,26.731700687556184,"(507.25, 1156.5)","(448.5, 1045.75)",59.0,,,,,,,,,,,"(351.5, 1270.75)",60.0,,,,,,,,,,,"(528.5, 1096.25)",53.0,58.0,0.0208333333333333,0.0375,0.0583333333333333,0.6428571428571428,2.0576286221558746,0.0,1.1336885787790203,23.79698811039102,"(309.0, 1272.25)","(263.25, 1122.25)",54.0,61.0,0.0291666666666666,0.025,0.0541666666666666,0.4615384615384615,1.4107541699465551,0.1194011840430027,1.4839280221768298,22.54239513791446,"(466.25, 1065.25)","(442.0, 960.5)",47.0,53.0,0.025,0.0333333333333333,0.0583333333333333,0.5714285714285714,1.6482423376689694,0.0,1.3312330344124963,29.34537184402592,"(283.0, 1098.5)","(247.5, 978.0)"
19,CA61,g100,1_00-00-53,2,3.3756,0.0147012990067802,52.0,58.0,0.025,0.0333333333333333,0.0583333333333333,0.5714285714285714,1.4927229495967853,0.0,0.8684797634366112,24.717807136580888,"(561.5, 1256.5)","(507.25, 1156.5)",,,,,,,,,,,,,,,,,,,,,,,,,67.0,,,,,,,,,,,"(309.0, 1272.25)",67.0,,,,,,,,,,,"(469.5, 1056.75)",61.0,,,,,,,,,,,"(283.0, 1098.5)"
20,CA61,g100,1_00-00-53,2,3.3756,0.0147012990067802,66.0,,,,,,,,,,,"(561.5, 1256.5)",,,,,,,,,,,,,,,,,,,,,,,,,,,,,,,,,,,,,,,,,,,,,,,,,,,,,,,,,,,,
21,CA61,g100,1_00-00-37,2,3.3756,0.0147012990067802,7.0,14.0,0.0291666666666666,0.0208333333333333,0.05,0.4166666666666666,0.745103833418014,0.0,1.3729309312461897,13.229682223826424,"(719.5, 1166.25)","(776.0, 1166.0)",13.0,18.0,0.0208333333333333,0.0333333333333333,0.0541666666666666,0.6153846153846153,1.2821967455155316,0.0,1.368283716063312,20.75151445701902,"(815.5, 1127.0)","(884.5, 1195.5)",14.0,19.0,0.0208333333333333,0.0416666666666666,0.0625,0.6666666666666666,0.7719294034055626,0.0,1.1438678799629052,21.102716338471144,"(637.0, 1227.0)","(690.5, 1250.75)",9.0,12.0,0.0125,0.0416666666666666,0.0541666666666666,0.7692307692307692,0.8367406546586746,0.0,1.2646517777101736,15.010501578668093,"(910.5, 1243.5)","(945.0, 1296.75)",23.0,28.0,0.0208333333333333,0.0291666666666666,0.05,0.5833333333333333,0.9844673429414964,0.0,1.6612452307546757,28.16336946309048,"(638.5, 1346.75)","(643.25, 1421.25)",13.0,18.0,0.0208333333333333,0.0291666666666666,0.05,0.5833333333333333,1.0517122298506394,0.0,1.9546204914696377,21.179877615834823,"(895.25, 1367.0)","(913.0, 1444.75)"
22,CA61,g100,1_00-00-37,2,3.3756,0.0147012990067802,19.0,24.0,0.0208333333333333,0.0416666666666666,0.0625,0.6666666666666666,1.3729309312461897,0.0,1.6348107156615843,26.101488532881262,"(622.0, 1129.75)","(719.5, 1166.25)",26.0,33.0,0.0291666666666666,0.0291666666666666,0.0583333333333333,0.5,1.368283716063312,0.0,1.5513527826170463,30.207731356244267,"(768.5, 1034.5)","(815.5, 1127.0)",29.0,33.0,0.0166666666666666,0.0375,0.0541666666666666,0.6923076923076923,1.1438678799629052,0.0,1.3862068542970247,32.95860270612698,"(593.0, 1152.25)","(637.0, 1227.0)",22.0,25.0,0.0125,0.0416666666666666,0.0541666666666666,0.7692307692307692,1.2646517777101736,0.0,1.6013847597973343,29.47630557701929,"(858.0, 1163.25)","(910.5, 1243.5)",35.0,42.0,0.0291666666666666,0.0291666666666666,0.0583333333333333,0.5,1.6612452307546757,0.0,1.1532321536979748,31.86336138756654,"(617.75, 1222.5)","(638.5, 1346.75)",25.0,33.0,0.0333333333333333,0.0291666666666666,0.0625,0.4666666666666667,1.9546204914696377,0.0,1.8532642179671752,29.298924190314946,"(835.75, 1231.25)","(895.25, 1367.0)"
23,CA61,g100,1_00-00-37,2,3.3756,0.0147012990067802,34.0,39.0,0.0208333333333333,0.0333333333333333,0.0541666666666666,0.6153846153846153,1.6348107156615843,0.0,1.208164148352423,32.926439954975734,"(581.75, 1012.5)","(622.0, 1129.75)",40.0,47.0,0.0291666666666666,0.025,0.0541666666666666,0.4615384615384615,1.5513527826170463,0.0,1.3479431854497887,26.25446501908592,"(731.75, 922.75)","(768.5, 1034.5)",42.0,47.0,0.0208333333333333,0.0333333333333333,0.0541666666666666,0.6153846153846153,1.3862068542970247,0.0,0.9892035635842636,26.10503342501912,"(550.75, 1056.0)","(593.0, 1152.25)",35.0,39.0,0.0166666666666666,0.0416666666666666,0.0583333333333333,0.7142857142857142,1.6013847597973343,0.0,1.4248657359462875,31.86336138756654,"(819.75, 1048.0)","(858.0, 1163.25)",49.0,,,,,,,,,,,"(617.75, 1222.5)",40.0,48.0,0.0333333333333333,0.0333333333333333,0.0666666666666666,0.5,1.8532642179671752,0.1287475664999758,0.7101253499143357,25.65478345944785,"(780.0, 1102.25)","(835.75, 1231.25)"
24,CA61,g100,1_00-00-37,2,3.3756,0.0147012990067802,47.0,,,,,,,,,,,"(581.75, 1012.5)",53.0,,,,,,,,,,,"(731.75, 922.75)",55.0,,,,,,,,,,,"(550.75, 1056.0)",49.0,,,,,,,,,,,"(819.75, 1048.0)",,,,,,,,,,,,,56.0,,,,,,,,,,,"(787.5, 1108.5)"
25,CA61,g100,1_00-00-40,2,3.3756,0.0147012990067802,6.0,12.0,0.025,0.0333333333333333,0.0583333333333333,0.5714285714285714,0.9016196873152652,0.0,1.3224433331325247,21.59769726557452,"(501.25, 874.5)","(533.75, 934.75)",13.0,18.0,0.0208333333333333,0.0291666666666666,0.05,0.5833333333333333,1.079818988945229,0.0,1.3970377796734332,22.12240800806969,"(645.75, 763.0)","(672.5, 840.5)",15.0,19.0,0.0166666666666666,0.0375,0.0541666666666666,0.6923076923076923,1.2519799575778834,0.0801816739514892,1.1121466178536588,27.349057967867044,"(462.75, 910.75)","(512.5, 991.75)",7.0,11.0,0.0166666666666666,0.0416666666666666,0.0583333333333333,0.7142857142857142,0.7609551508142386,0.1141088361421764,1.8098348537278095,23.16916115936419,"(730.75, 907.5)","(764.0, 954.75)",10.0,15.0,0.0208333333333333,0.025,0.0458333333333333,0.5454545454545455,1.249201470518582,0.0,1.193113580226987,21.264640243834545,"(531.25, 1062.75)","(571.25, 1148.75)",13.0,20.0,0.0291666666666666,0.0333333333333333,0.0625,0.5333333333333333,1.4374177887419228,0.0,1.6111371807744812,25.52408627504306,"(716.25, 957.75)","(776.5, 1048.75)"
26,CA61,g100,1_00-00-40,2,3.3756,0.0147012990067802,20.0,27.0,0.0291666666666666,0.0208333333333333,0.05,0.4166666666666666,1.3224433331325247,0.0,1.5118826955173368,28.97935807103352,"(452.0, 787.0)","(501.25, 874.5)",25.0,33.0,0.0333333333333333,0.0208333333333333,0.0541666666666666,0.3846153846153846,1.3970377796734332,0.0,1.9515960821207432,32.8525848198958,"(591.25, 672.0)","(645.75, 763.0)",28.0,31.0,0.0125,0.0375,0.05,0.7499999999999999,1.1914267756258712,0.0,1.3307140478315098,31.252246766136643,"(423.0, 836.25)","(464.75, 916.5)",21.0,25.0,0.0166666666666666,0.0375,0.0541666666666666,0.6923076923076923,1.912257116158474,0.0,1.3921712563452124,30.01410424468811,"(685.5, 777.75)","(737.0, 913.5)",21.0,27.0,0.025,0.0291666666666666,0.0541666666666666,0.5384615384615384,1.193113580226987,0.0,1.405039180365266,30.01410424468811,"(508.75, 975.0)","(531.25, 1062.75)",28.0,33.0,0.0208333333333333,0.025,0.0458333333333333,0.5454545454545455,1.6111371807744812,0.0,1.5889530719026883,30.4577881814081,"(671.25, 844.0)","(716.25, 957.75)"
27,CA61,g100,1_00-00-40,2,3.3756,0.0147012990067802,32.0,36.0,0.0166666666666666,0.0375,0.0541666666666666,0.6923076923076923,1.5118826955173368,0.0,1.6696385286952182,29.57182255639984,"(376.25, 700.75)","(452.0, 787.0)",38.0,43.0,0.0208333333333333,0.0291666666666666,0.05,0.5833333333333333,1.9515960821207432,0.0,2.0171877013746733,29.730136609490383,"(528.0, 538.0)","(591.25, 672.0)",40.0,44.0,0.0166666666666666,0.0375,0.0541666666666666,0.6923076923076923,1.3307140478315098,0.0,1.2214303328425844,25.859287514847814,"(354.75, 761.75)","(423.0, 836.25)",34.0,38.0,0.0166666666666666,0.0333333333333333,0.05,0.6666666666666666,1.3921712563452124,0.0,1.6893979467411555,29.887838750747196,"(643.5, 680.75)","(685.5, 777.75)",34.0,40.0,0.025,0.0291666666666666,0.0541666666666666,0.5384615384615384,1.405039180365266,0.0,1.268253835538706,30.188419327519966,"(459.25, 880.5)","(508.75, 975.0)",39.0,45.0,0.025,0.0333333333333333,0.0583333333333333,0.5714285714285714,1.5889530719026883,0.0,1.6000451263385849,27.028481132844487,"(618.5, 735.5)","(671.25, 844.0)"
28,CA61,g100,1_00-00-40,2,3.3756,0.0147012990067802,45.0,,,,,,,,,,,"(376.25, 700.75)",50.0,,,,,,,,,,,"(528.0, 538.0)",53.0,,,,,,,,,,,"(354.75, 761.75)",46.0,,,,,,,,,,,"(643.5, 680.75)",47.0,,,,,,,,,,,"(459.25, 880.5)",53.0,,,,,,,,,,,"(618.5, 735.5)"
29,CA61,g100,1_00-00-25,2,3.3756,0.0147012990067802,16.0,21.0,0.0208333333333333,0.0375,0.0583333333333333,0.6428571428571428,1.3673164020315465,0.0,1.257579591350592,24.137765536693923,"(428.0, 867.25)","(406.5, 765.0)",10.0,15.0,0.0208333333333333,0.0375,0.0583333333333333,0.6428571428571428,1.130010044579094,0.0,0.989566752274018,21.00426443402631,"(266.75, 887.5)","(253.0, 802.25)",11.0,15.0,0.0166666666666666,0.0416666666666666,0.0583333333333333,0.7142857142857142,1.7199485938429182,0.0,1.3438073702391289,21.047048809826325,"(448.25, 763.5)","(419.5, 635.25)",6.0,9.0,0.0125,0.0416666666666666,0.0541666666666666,0.7692307692307692,0.9102681144934712,0.0,1.2174539104206306,18.15625969776048,"(172.75, 775.75)","(145.5, 711.75)",6.0,10.0,0.0166666666666666,0.0291666666666666,0.0458333333333333,0.6363636363636365,1.1136767480357004,0.1466361770645654,1.854182381866169,17.901731562099798,"(382.5, 546.25)","(342.75, 471.0)",9.0,16.0,0.0291666666666666,0.0416666666666666,0.0708333333333333,0.5882352941176471,1.3339187462467943,0.0717502963990291,1.5336542438182013,20.190771569125733,"(176.0, 656.5)","(120.5, 571.0)"
30,CA61,g100,1_00-00-25,2,3.3756,0.0147012990067802,30.0,36.0,0.025,0.0375,0.0625,0.6,1.257579591350592,0.0,1.5110688507558088,28.072668987400444,"(463.0, 956.75)","(428.0, 867.25)",24.0,29.0,0.0208333333333333,0.0166666666666666,0.0375,0.4444444444444445,0.989566752274018,0.0,1.4963637932917893,24.3431678288597,"(271.0, 963.0)","(266.75, 887.5)",25.0,29.0,0.0166666666666666,0.05,0.0666666666666666,0.75,1.3438073702391289,0.0986354664921937,1.0997652454978228,25.261480625193343,"(470.5, 863.75)","(448.25, 763.5)",19.0,22.0,0.0125,0.0458333333333333,0.0583333333333333,0.7857142857142857,1.2174539104206306,0.0,1.4269168143486657,25.27364870683251,"(207.0, 862.25)","(172.75, 775.75)",17.0,25.0,0.0333333333333333,0.0375,0.0708333333333333,0.5294117647058824,1.9030560480379324,0.0,1.093264517096986,25.047304404802112,"(434.0, 678.25)","(391.25, 539.25)",26.0,31.0,0.0208333333333333,0.0333333333333333,0.0541666666666666,0.6153846153846153,1.5634534300530023,0.0,1.7428270674975288,26.62783777184232,"(215.75, 766.75)","(180.0, 652.75)"
31,CA61,g100,1_00-00-25,2,3.3756,0.0147012990067802,45.0,51.0,0.025,0.0375,0.0625,0.6,1.5110688507558088,0.0,1.5594778740035031,30.198745396029956,"(529.0, 1051.5)","(463.0, 956.75)",33.0,44.0,0.0458333333333333,0.0333333333333333,0.0791666666666666,0.4210526315789474,1.4963637932917893,0.0,1.8672452899151628,30.84245036671447,"(314.5, 1068.75)","(271.0, 963.0)",41.0,44.0,0.0125,0.0458333333333333,0.0583333333333333,0.7857142857142857,1.1909993849222298,0.0,1.1065808598129545,30.847707738486147,"(511.25, 937.25)","(469.75, 856.25)",33.0,37.0,0.0166666666666666,0.0458333333333333,0.0625,0.7333333333333333,1.4269168143486657,0.0,1.2802102573516587,28.801850528642813,"(243.5, 965.0)","(207.0, 862.25)",34.0,39.0,0.0208333333333333,0.0333333333333333,0.0541666666666666,0.6153846153846153,1.093264517096986,0.0,1.3494345425178031,27.60529729025426,"(441.0, 761.5)","(434.0, 678.25)",39.0,46.0,0.0291666666666666,0.0333333333333333,0.0625,0.5333333333333333,1.7428270674975288,0.0,1.355425323297471,30.826961786996264,"(250.75, 895.25)","(215.75, 766.75)"
32,CA61,g100,1_00-00-25,2,3.3756,0.0147012990067802,60.0,,,,,,,,,,,"(529.0, 1051.5)",52.0,,,,,,,,,,,"(314.5, 1068.75)",55.0,,,,,,,,,,,"(511.25, 937.25)",48.0,51.0,0.0125,0.0416666666666666,0.0541666666666666,0.7692307692307692,1.2802102573516587,0.0,1.590415460131038,30.361631775287925,"(287.75, 1052.25)","(243.5, 965.0)",47.0,54.0,0.0291666666666666,0.0291666666666666,0.0583333333333333,0.5,1.3494345425178031,0.0,1.0506864853802529,31.17228418649996,"(457.75, 863.25)","(441.0, 761.5)",54.0,,,,,,,,,,,"(250.75, 895.25)"
33,CA61,g100,1_00-00-25,2,3.3756,0.0147012990067802,,,,,,,,,,,,,,,,,,,,,,,,,,,,,,,,,,,,,61.0,,,,,,,,,,,"(287.75, 1052.25)",61.0,,,,,,,,,,,"(457.75, 863.25)",,,,,,,,,,,,
34,CA61,g100,1_00-01-11,2,3.3756,0.0147012990067802,4.0,10.0,0.025,0.0291666666666666,0.0541666666666666,0.5384615384615384,0.8056941346512758,0.0,1.2578398990228947,23.51579084620624,"(620.25, 1171.5)","(622.0, 1232.25)",11.0,17.0,0.025,0.0208333333333333,0.0458333333333333,0.4545454545454545,0.945911883671878,0.0,1.4292672060239555,26.61661255020137,"(757.75, 1130.25)","(767.0, 1201.0)",11.0,15.0,0.0166666666666666,0.0333333333333333,0.05,0.6666666666666666,1.7323454121200976,0.0,1.3187880896973163,26.382673954123145,"(579.25, 1197.75)","(572.5, 1328.25)",6.0,11.0,0.0208333333333333,0.0291666666666666,0.05,0.5833333333333333,0.9471129905259448,0.0,1.044232476433626,25.60274754184749,"(836.0, 1271.75)","(823.0, 1342.0)",5.0,10.0,0.0208333333333333,0.0291666666666666,0.05,0.5833333333333333,1.4501868798386748,0.1097708744796922,0.968897775220825,25.47544008339009,"(568.5, 1395.0)","(588.75, 1502.5)",10.0,15.0,0.0208333333333333,0.0375,0.0583333333333333,0.6428571428571428,1.5312106522192357,0.0,1.375185513312735,25.569258306801565,"(792.0, 1358.25)","(792.75, 1473.75)"
35,CA61,g100,1_00-01-11,2,3.3756,0.0147012990067802,17.0,21.0,0.0166666666666666,0.0291666666666666,0.0458333333333333,0.6363636363636365,1.2578398990228947,0.0,1.1146933956866751,29.27537334574076,"(588.75, 1082.0)","(620.25, 1171.5)",22.0,27.0,0.0208333333333333,0.0333333333333333,0.0541666666666666,0.6153846153846153,1.4292672060239555,0.0,1.4085671281069327,28.10320654622386,"(768.75, 1023.0)","(757.75, 1130.25)",23.0,27.0,0.0166666666666666,0.0416666666666666,0.0583333333333333,0.7142857142857142,1.3187880896973163,0.0,1.2661303540606448,28.752472519658397,"(569.5, 1098.75)","(579.25, 1197.75)",18.0,21.0,0.0125,0.0375,0.05,0.7499999999999999,1.044232476433626,0.0,1.716970881636733,27.560442286958388,"(829.5, 1193.25)","(836.0, 1271.75)",17.0,22.0,0.0208333333333333,0.0291666666666666,0.05,0.5833333333333333,1.0348601501894426,0.0432123883943483,1.829417842983668,28.594795332654115,"(575.5, 1322.25)","(561.25, 1399.0)",24.0,28.0,0.0166666666666666,0.0333333333333333,0.05,0.6666666666666666,1.375185513312735,0.0,1.8834589591218065,28.650977083978265,"(782.0, 1255.0)","(792.0, 1358.25)"
36,CA61,g100,1_00-01-11,2,3.3756,0.0147012990067802,28.0,34.0,0.025,0.0291666666666666,0.0541666666666666,0.5384615384615384,1.1146933956866751,0.0,1.6694621084704535,29.811562511412173,"(585.0, 998.0)","(588.75, 1082.0)",35.0,40.0,0.0208333333333333,0.0333333333333333,0.0541666666666666,0.6153846153846153,1.4085671281069327,0.0,1.5567647242977352,33.09136140997706,"(769.25, 916.75)","(768.75, 1023.0)",37.0,41.0,0.0166666666666666,0.0375,0.0541666666666666,0.6923076923076923,1.2661303540606448,0.0,1.3025928649646283,32.450710818293395,"(557.5, 1004.0)","(569.5, 1098.75)",30.0,34.0,0.0166666666666666,0.0416666666666666,0.0583333333333333,0.7142857142857142,1.716970881636733,0.0,1.2801116354256354,31.08863237596839,"(798.5, 1067.5)","(829.5, 1193.25)",29.0,36.0,0.0291666666666666,0.025,0.0541666666666666,0.4615384615384615,1.8722369919566164,0.0430851056778215,1.4503042770467012,30.52755791274144,"(567.25, 1184.5)","(575.25, 1325.5)",36.0,42.0,0.025,0.0375,0.0625,0.6,1.8834589591218065,0.0,1.5947310349518486,31.358234898877303,"(769.25, 1113.5)","(782.0, 1255.0)"
37,CA61,g100,1_00-01-11,2,3.3756,0.0147012990067802,41.0,47.0,0.025,0.0291666666666666,0.0541666666666666,0.5384615384615384,1.6694621084704535,0.0,1.6015182884693042,30.101745740720485,"(591.75, 872.25)","(585.0, 998.0)",48.0,53.0,0.0208333333333333,0.0333333333333333,0.0541666666666666,0.6153846153846153,1.5567647242977352,0.0,1.8645826746749392,31.69526646849213,"(784.0, 800.25)","(769.25, 916.75)",50.0,54.0,0.0166666666666666,0.0291666666666666,0.0458333333333333,0.6363636363636365,1.3025928649646283,0.2088233524192401,1.5975181561451235,32.70009564414767,"(539.0, 907.5)","(557.5, 1004.0)",44.0,48.0,0.0166666666666666,0.0333333333333333,0.05,0.6666666666666666,1.2801116354256354,0.0,1.8926422549701944,32.77713572122119,"(806.25, 971.25)","(798.5, 1067.5)",42.0,49.0,0.0291666666666666,0.0291666666666666,0.0583333333333333,0.5,1.4564449140516,0.0,1.5485477577063809,32.31619856615869,"(581.25, 1076.0)","(564.0, 1184.5)",51.0,56.0,0.0208333333333333,0.025,0.0458333333333333,0.5454545454545455,1.5947310349518486,0.0,1.2132513784292829,36.01535827101576,"(772.5, 993.25)","(769.25, 1113.5)"
38,CA61,g100,1_00-01-11,2,3.3756,0.0147012990067802,54.0,,,,,,,,,,,"(591.75, 872.25)",61.0,,,,,,,,,,,"(784.0, 800.25)",61.0,,,,,,,,,,,"(548.25, 920.25)",56.0,,,,,,,,,,,"(806.25, 971.25)",56.0,,,,,,,,,,,"(581.25, 1076.0)",62.0,,,,,,,,,,,"(772.5, 993.25)"
39,CA60,g100,1_00-01-57,5,3.1511,0.0136862937242868,0.0,5.0,0.0208333333333333,0.0458333333333333,0.0666666666666666,0.6875,1.794469441295774,0.0,1.479811377862134,20.72921656513833,"(275.0, 948.25)","(232.25, 1074.0)",9.0,13.0,0.0166666666666666,0.0458333333333333,0.0625,0.7333333333333333,1.7402452479103487,0.0,1.7804274941422105,26.14361033474085,"(457.75, 934.5)","(454.0, 1063.25)",11.0,15.0,0.0166666666666666,0.0375,0.0541666666666666,0.6923076923076923,1.2466218863098162,0.0,1.4003384946725237,28.28628411754272,"(207.0, 1029.5)","(191.75, 1120.5)",3.0,8.0,0.0208333333333333,0.0375,0.0583333333333333,0.6428571428571428,1.9703484970034728,0.0,1.812545613213512,22.89863341400211,"(495.25, 1110.75)","(443.25, 1247.0)",3.0,9.0,0.025,0.0375,0.0625,0.6,1.43799739495455,0.1164689121259327,1.4104533003627115,22.70858919453579,"(221.0, 1172.5)","(185.25, 1272.75)",1.0,4.0,0.0125,0.0333333333333333,0.0458333333333333,0.7272727272727273,0.3671746667980383,0.0,1.2724549718466291,21.814199099126625,"(391.0, 1240.0)","(378.25, 1264.0)"
40,CA60,g100,1_00-01-57,5,3.1511,0.0136862937242868,16.0,21.0,0.0208333333333333,0.0375,0.0583333333333333,0.6428571428571428,1.479811377862134,0.0,1.8310820349208443,32.795894260730144,"(277.5, 838.75)","(275.0, 948.25)",24.0,28.0,0.0166666666666666,0.0375,0.0541666666666666,0.6923076923076923,1.7804274941422105,0.1068117650215219,1.689828287925176,39.43365450910908,"(460.5, 802.75)","(457.75, 934.5)",24.0,28.0,0.0166666666666666,0.0375,0.0541666666666666,0.6923076923076923,1.4003384946725237,0.0,2.509803752300204,39.43365450910908,"(234.25, 929.5)","(207.0, 1029.5)",17.0,22.0,0.0208333333333333,0.0375,0.0583333333333333,0.6428571428571428,1.812545613213512,0.1047626867134779,1.6181964775047175,32.53498370931276,"(508.5, 977.25)","(495.25, 1110.75)",18.0,24.0,0.025,0.0208333333333333,0.0458333333333333,0.4545454545454545,1.4763998023124592,0.0,1.8195690621727625,34.128633462988375,"(226.5, 1068.25)","(213.5, 1176.75)",12.0,16.0,0.0166666666666666,0.0333333333333333,0.05,0.6666666666666666,1.2724549718466291,0.0,1.7507259620560327,28.74010660807868,"(400.0, 1146.25)","(391.0, 1240.0)"
41,CA60,g100,1_00-01-57,5,3.1511,0.0136862937242868,30.0,35.0,0.0208333333333333,0.0291666666666666,0.05,0.5833333333333333,1.8310820349208443,0.0,1.982651939779032,38.005541233246014,"(274.75, 703.25)","(277.5, 838.75)",37.0,42.0,0.0208333333333333,0.0291666666666666,0.05,0.5833333333333333,1.75526539442248,0.0,1.480335537801556,38.41709014368016,"(499.0, 683.75)","(453.0, 805.25)",37.0,41.0,0.0166666666666666,0.0333333333333333,0.05,0.6666666666666666,2.509803752300204,0.0,2.069729800999798,38.41709014368016,"(236.5, 743.75)","(234.25, 929.5)",31.0,36.0,0.0208333333333333,0.0291666666666666,0.05,0.5833333333333333,1.7228310578055648,0.0,1.5099421276655078,38.9020120488644,"(510.75, 857.5)","(508.75, 985.0)",29.0,36.0,0.0291666666666666,0.0166666666666666,0.0458333333333333,0.3636363636363636,1.8195690621727625,0.0865109360973536,1.950714467421565,39.84872679570059,"(257.75, 937.25)","(226.5, 1068.25)",24.0,31.0,0.0291666666666666,0.0125,0.0416666666666666,0.3,1.7507259620560327,0.0,1.7972456220547195,37.1529877080825,"(412.25, 1017.25)","(400.0, 1146.25)"
42,CA60,g100,1_00-01-57,5,3.1511,0.0136862937242868,42.0,,,,,,,,,,,"(274.75, 703.25)",49.0,,,,,,,,,,,"(499.0, 683.75)",49.0,,,,,,,,,,,"(236.5, 743.75)",43.0,,,,,,,,,,,"(510.75, 857.5)",40.0,48.0,0.0333333333333333,0.0208333333333333,0.0541666666666666,0.3846153846153846,2.0117989562018432,0.0,0.5247165327077662,40.781834714417855,"(271.25, 793.5)","(252.75, 941.25)",34.0,42.0,0.0333333333333333,0.0333333333333333,0.0666666666666666,0.5,1.7972456220547195,0.0,1.7585382077251814,38.25694151517497,"(414.75, 884.25)","(412.25, 1017.25)"
43,CA60,g100,1_00-01-57,5,3.1511,0.0136862937242868,,,,,,,,,,,,,,,,,,,,,,,,,,,,,,,,,,,,,,,,,,,,,,,,,53.0,,,,,,,,,,,"(271.25, 793.5)",50.0,,,,,,,,,,,"(414.75, 884.25)"
44,CA60,g100,1_00-02-52,5,3.1511,0.0136862937242868,10.0,14.0,0.0166666666666666,0.0416666666666666,0.0583333333333333,0.7142857142857142,1.3507917128944371,0.0,1.0622711314860334,24.19587487415385,"(252.0, 738.75)","(224.75, 835.5)",2.0,6.0,0.0166666666666666,0.0416666666666666,0.0583333333333333,0.7142857142857142,1.123989216124195,0.0,1.3642906738882972,27.62728918312896,"(426.5, 806.5)","(381.5, 877.0)",0.0,4.0,0.0166666666666666,0.0458333333333333,0.0625,0.7333333333333333,1.7541947091247452,0.0889527834100267,1.0707539198601943,25.977727311457016,"(167.5, 897.0)","(149.25, 1026.25)",10.0,14.0,0.0166666666666666,0.0416666666666666,0.0583333333333333,0.7142857142857142,1.3878002323513008,0.0,2.0664368972131224,24.19587487415385,"(476.5, 900.75)","(452.75, 1001.25)",7.0,13.0,0.025,0.05,0.075,0.6666666666666667,1.4106980930548765,0.0,1.3435146873085857,23.200178450147693,"(240.0, 991.5)","(178.75, 1076.75)",0.0,5.0,0.0208333333333333,0.0375,0.0583333333333333,0.6428571428571428,1.608047450478406,0.0,1.9400167262650123,26.2372252649029,"(405.5, 1050.25)","(370.75, 1164.75)"
45,CA60,g100,1_00-02-52,5,3.1511,0.0136862937242868,24.0,29.0,0.0208333333333333,0.0458333333333333,0.0666666666666666,0.6875,1.0622711314860334,0.0,1.7240533577025765,27.144236631152133,"(235.25, 661.5)","(252.0, 738.75)",16.0,21.0,0.0208333333333333,0.0416666666666666,0.0625,0.6666666666666666,1.3642906738882972,0.0,1.851874585753003,22.97253666262511,"(442.5, 706.25)","(426.5, 806.5)",15.0,19.0,0.0166666666666666,0.0625,0.0791666666666666,0.7894736842105263,1.147424948657682,0.0452001442221007,1.1666338439520498,24.746307509369235,"(195.75, 822.5)","(168.75, 903.5)",24.0,28.0,0.0166666666666666,0.0458333333333333,0.0625,0.7333333333333333,2.0664368972131224,0.0,2.0262223868513773,27.34275250590536,"(474.25, 747.0)","(476.5, 900.75)",25.0,31.0,0.025,0.0333333333333333,0.0583333333333333,0.5714285714285714,1.3435146873085857,0.0,1.2179087222417926,28.240517339217018,"(252.0, 892.25)","(240.0, 991.5)",14.0,23.0,0.0375,0.0375,0.075,0.5,1.9400167262650123,0.2408696561136455,1.780958062971342,23.92257578817937,"(418.75, 906.5)","(405.5, 1050.25)"
46,CA60,g100,1_00-02-52,5,3.1511,0.0136862937242868,40.0,,,,,,,,,,,"(235.25, 661.5)",31.0,36.0,0.0208333333333333,0.0416666666666666,0.0625,0.6666666666666666,1.851874585753003,0.0,2.0402649479321706,26.568125598213573,"(384.5, 581.25)","(442.5, 706.25)",34.0,38.0,0.0166666666666666,0.0458333333333333,0.0625,0.7333333333333333,1.201688278936889,0.0,1.4969415876549608,24.6384209054096,"(192.5, 735.75)","(198.0, 825.0)",39.0,,,,,,,,,,,"(474.25, 747.0)",39.0,,,,,,,,,,,"(252.0, 892.25)",32.0,39.0,0.0291666666666666,0.0291666666666666,0.0583333333333333,0.5,1.99085983764189,0.242271431223172,1.8604873946181768,25.71699251560024,"(421.25, 774.0)","(427.75, 922.0)"
47,CA60,g100,1_00-02-52,5,3.1511,0.0136862937242868,,,,,,,,,,,,,46.0,,,,,,,,,,,"(384.5, 581.25)",49.0,,,,,,,,,,,"(192.5, 735.75)",,,,,,,,,,,,,,,,,,,,,,,,,46.0,,,,,,,,,,,"(431.25, 789.0)"
48,CA60,g100,1_00-00-11,5,3.1511,0.0136862937242868,15.0,24.0,0.0375,0.025,0.0625,0.4,1.4239486243810389,0.0,1.9284309671765916,24.67409331391636,"(710.0, 794.25)","(815.25, 796.0)",8.0,13.0,0.0208333333333333,0.0291666666666666,0.05,0.5833333333333333,1.846310661217322,0.0,2.533318234585077,25.081441634863594,"(953.5, 828.5)","(1041.0, 933.25)",9.0,13.0,0.0166666666666666,0.0458333333333333,0.0625,0.7333333333333333,1.162258922980228,0.0,1.4258388464748966,23.37748644060541,"(691.25, 901.0)","(762.0, 949.75)",14.0,19.0,0.0208333333333333,0.0458333333333333,0.0666666666666666,0.6875,2.0418461142748137,0.0,2.1445196861575364,24.13904212006931,"(921.25, 862.5)","(966.5, 1006.5)",19.0,24.0,0.0208333333333333,0.0333333333333333,0.0541666666666666,0.6153846153846153,1.3705774036018354,0.0,1.6459838296599405,22.6589278466355,"(697.5, 994.5)","(767.5, 1067.75)",,1.0,,,,,,,,,"(908.0, 1098.0)",
49,CA60,g100,1_00-00-11,5,3.1511,0.0136862937242868,30.0,35.0,0.0208333333333333,0.0416666666666666,0.0625,0.6666666666666666,1.9284309671765916,0.0,1.8724029589884392,32.11323973269022,"(630.75, 675.75)","(710.0, 794.25)",20.0,26.0,0.025,0.0458333333333333,0.0708333333333333,0.6470588235294117,2.533318234585077,0.0353073765526353,1.5600518491628623,25.13704757431228,"(812.5, 705.25)","(953.5, 828.5)",24.0,28.0,0.0166666666666666,0.0458333333333333,0.0625,0.7333333333333333,1.4258388464748966,0.0598307392855205,1.7517896661995227,30.549498980645485,"(607.5, 837.0)","(691.25, 901.0)",30.0,35.0,0.0208333333333333,0.05,0.0708333333333333,0.7058823529411765,2.1445196861575364,0.0033818333324315,0.9026961433660166,30.454534214000518,"(865.75, 714.0)","(921.25, 862.5)",32.0,37.0,0.0208333333333333,0.0375,0.0583333333333333,0.6428571428571428,1.6459838296599405,0.0667001792483808,1.9650314200802028,31.40301755140797,"(651.75, 881.75)","(697.5, 994.5)",10.0,15.0,0.0208333333333333,0.0375,0.0583333333333333,0.6428571428571428,1.5911337149703826,0.0,1.283106072652336,23.871048535832948,"(930.25, 988.0)","(908.0, 1103.5)"
50,CA60,g100,1_00-00-11,5,3.1511,0.0136862937242868,45.0,,,,,,,,,,,"(630.75, 675.75)",37.0,41.0,0.0166666666666666,0.0458333333333333,0.0625,0.7333333333333333,1.525030607483559,0.0,1.178121235738295,30.946186902594725,"(793.5, 591.5)","(811.75, 702.75)",39.0,43.0,0.0166666666666666,0.0416666666666666,0.0583333333333333,0.7142857142857142,1.8046604691621395,0.0,2.002208134034849,30.07966077561752,"(565.5, 714.5)","(610.75, 840.0)",47.0,,,,,,,,,,,"(865.5, 714.0)",46.0,,,,,,,,,,,"(647.5, 884.25)",24.0,29.0,0.0208333333333333,0.0291666666666666,0.05,0.5833333333333333,1.283106072652336,0.0,1.792030259931569,29.37954934410601,"(868.5, 916.0)","(930.25, 988.0)"
51,CA60,g100,1_00-00-11,5,3.1511,0.0136862937242868,,,,,,,,,,,,,52.0,,,,,,,,,,,"(793.5, 591.5)",53.0,,,,,,,,,,,"(565.5, 714.5)",,,,,,,,,,,,,,,,,,,,,,,,,36.0,44.0,0.0333333333333333,0.0416666666666666,0.075,0.5555555555555556,1.792030259931569,0.0,1.5375681662919525,29.485587481754894,"(797.75, 804.0)","(868.5, 916.0)"
52,CA60,g100,1_00-00-11,5,3.1511,0.0136862937242868,,,,,,,,,,,,,,,,,,,,,,,,,,,,,,,,,,,,,,,,,,,,,,,,,,,,,,,,,,,,,54.0,,,,,,,,,,,"(797.75, 804.0)"
53,CA60,g100,1_00-00-57,5,3.1511,0.0136862937242868,1.0,6.0,0.0208333333333333,0.05,0.0708333333333333,0.7058823529411765,2.206566068846484,0.0,1.6499038026488415,27.72102342268472,"(265.25, 1070.0)","(170.25, 1201.75)",8.0,14.0,0.025,0.05,0.075,0.6666666666666667,1.672328365610603,0.0,1.5296441524933455,24.385523127656704,"(447.5, 1098.0)","(349.5, 1172.5)",10.0,15.0,0.0208333333333333,0.0458333333333333,0.0666666666666666,0.6875,1.978319858441248,0.0,1.8848957024377984,24.104229257317066,"(191.75, 1113.25)","(146.75, 1251.75)",17.0,21.0,0.0166666666666666,0.0541666666666666,0.0708333333333333,0.7647058823529412,1.8300144055152212,0.0,1.902422485721152,23.265652188889977,"(481.25, 1182.0)","(401.75, 1290.75)",1.0,7.0,0.025,0.0333333333333333,0.0583333333333333,0.5714285714285714,1.902313350062436,0.1590789269153647,2.181465891299083,30.124818847897824,"(157.0, 1307.25)","(160.0, 1447.25)",5.0,16.0,0.0458333333333333,0.0458333333333333,0.0916666666666666,0.5,1.293505196214391,0.0,1.728149593728475,23.7893868835814,"(347.5, 1300.5)","(365.5, 1394.0)"
54,CA60,g100,1_00-00-57,5,3.1511,0.0136862937242868,18.0,23.0,0.0208333333333333,0.0416666666666666,0.0625,0.6666666666666666,1.6499038026488415,0.0,1.0351752620383337,25.170318092952908,"(335.25, 970.75)","(265.25, 1070.0)",26.0,30.0,0.0166666666666666,0.0416666666666666,0.0583333333333333,0.7142857142857142,1.5296441524933455,0.3098004912814223,1.593636221099227,24.67349736745376,"(506.75, 1002.25)","(447.5, 1098.0)",26.0,30.0,0.0166666666666666,0.0541666666666666,0.0708333333333333,0.7647058823529412,1.8848957024377984,0.0,0.7004427827987074,23.6546729794902,"(275.0, 1002.25)","(191.75, 1113.25)",34.0,,,,,,,,,,,"(481.25, 1182.0)",15.0,22.0,0.0291666666666666,0.0541666666666666,0.0833333333333333,0.65,2.0228691216917505,0.0,1.354137782312497,22.156060299967702,"(213.0, 1156.75)","(160.25, 1296.0)",27.0,32.0,0.0208333333333333,0.0416666666666666,0.0625,0.6666666666666666,1.728149593728475,0.0,1.7197026145605188,24.817792427823328,"(412.25, 1191.0)","(347.5, 1300.5)"
55,CA60,g100,1_00-00-57,5,3.1511,0.0136862937242868,33.0,,,,,,,,,,,"(335.25, 970.75)",40.0,,,,,,,,,,,"(490.75, 1018.5)",43.0,,,,,,,,,,,"(275.0, 1002.25)",,,,,,,,,,,,,35.0,,,,,,,,,,,"(213.0, 1156.75)",42.0,,,,,,,,,,,"(412.25, 1191.0)"
56,CA60,g100,1_00-00-59,5,3.1511,0.0136862937242868,4.0,9.0,0.0208333333333333,0.05,0.0708333333333333,0.7058823529411765,1.4352826981888676,0.0,1.907793267764697,30.21912856656943,"(307.5, 808.5)","(359.5, 901.0)",13.0,17.0,0.0166666666666666,0.0416666666666666,0.0583333333333333,0.7142857142857142,1.8903505574412944,0.0,2.252941566640767,31.24178181954048,"(501.25, 745.25)","(509.75, 884.75)",16.0,19.0,0.0125,0.0458333333333333,0.0583333333333333,0.7857142857142857,1.5955051528599988,0.0,1.4275382495033793,28.63983671722053,"(260.5, 840.75)","(293.5, 954.0)",7.0,12.0,0.0208333333333333,0.0375,0.0583333333333333,0.6428571428571428,2.0489628280523733,0.1299112078437453,1.8970437305424928,31.644248034742443,"(534.0, 892.25)","(516.75, 1042.75)",9.0,14.0,0.0208333333333333,0.0375,0.0583333333333333,0.6428571428571428,1.0832744261904186,0.0575840810829524,1.391623281094274,30.482012696615392,"(304.0, 1002.25)","(279.5, 1078.5)",4.0,8.0,0.0166666666666666,0.025,0.0416666666666666,0.6000000000000001,0.7595937248386043,0.0,1.6473545548682045,31.54744271305441,"(486.5, 1029.75)","(474.0, 1084.5)"
57,CA60,g100,1_00-00-59,5,3.1511,0.0136862937242868,21.0,25.0,0.0166666666666666,0.0458333333333333,0.0625,0.7333333333333333,1.907793267764697,0.0033814536734083,1.735766408370643,30.11797747019512,"(261.25, 675.25)","(307.5, 808.5)",27.0,31.0,0.0166666666666666,0.0458333333333333,0.0625,0.7333333333333333,2.252941566640767,0.0,1.9163745431417156,31.583330501921555,"(453.25, 585.75)","(501.25, 745.25)",30.0,33.0,0.0125,0.0375,0.05,0.7499999999999999,1.4275382495033793,0.0892729386485552,2.026187808272104,34.01870121917329,"(227.5, 740.5)","(260.5, 840.75)",21.0,26.0,0.0208333333333333,0.0375,0.0583333333333333,0.6428571428571428,2.000680723097496,0.0554599638145797,2.305526594578616,31.67948308368192,"(535.0, 752.0)","(528.0, 899.75)",23.0,28.0,0.0208333333333333,0.0291666666666666,0.05,0.5833333333333333,1.430238986440141,0.0,1.7685875532157778,32.615168054896,"(319.25, 900.5)","(306.75, 1005.5)",14.0,22.0,0.0333333333333333,0.0291666666666666,0.0625,0.4666666666666667,1.6473545548682045,0.0,1.5437363754222215,28.583115676193103,"(489.75, 908.0)","(486.5, 1029.75)"
58,CA60,g100,1_00-00-59,5,3.1511,0.0136862937242868,36.0,40.0,0.0166666666666666,0.0333333333333333,0.05,0.6666666666666666,1.732578461437667,0.0,1.8485637467257032,37.58570559574885,"(218.5, 554.25)","(261.25, 675.0)",42.0,,,,,,,,,,,"(453.25, 585.75)",42.0,,,,,,,,,,,"(232.75, 744.5)",35.0,40.0,0.0208333333333333,0.0416666666666666,0.0625,0.6666666666666666,2.348241245810398,0.0,1.6860471914953064,34.14134264001577,"(498.5, 585.5)","(538.25, 754.5)",35.0,41.0,0.025,0.0291666666666666,0.0541666666666666,0.5384615384615384,1.7685875532157778,0.0,1.5801054171550255,35.32895708507109,"(290.25, 773.0)","(319.25, 900.5)",29.0,34.0,0.0208333333333333,0.025,0.0458333333333333,0.5454545454545455,1.5437363754222215,0.0,2.0715178212143504,31.86114774656487,"(477.75, 794.5)","(489.75, 908.0)"
59,CA60,g100,1_00-00-59,5,3.1511,0.0136862937242868,48.0,,,,,,,,,,,"(218.5, 554.25)",,,,,,,,,,,,,,,,,,,,,,,,,50.0,,,,,,,,,,,"(498.5, 585.5)",48.0,,,,,,,,,,,"(290.25, 773.0)",40.0,,,,,,,,,,,"(477.75, 794.5)"
60,CA60,g100,1_00-02-33,5,3.1511,0.0136862937242868,17.0,22.0,0.0208333333333333,0.0416666666666666,0.0625,0.6666666666666666,1.9266651876258345,0.0,1.3811471994727782,30.07872021802544,"(795.75, 953.0)","(773.5, 811.75)",11.0,16.0,0.0208333333333333,0.0333333333333333,0.0541666666666666,0.6153846153846153,2.126073188660966,0.0,1.5799122430338333,28.555659504651803,"(607.5, 863.25)","(585.5, 707.0)",8.0,11.0,0.0125,0.0625,0.075,0.8333333333333334,1.4654331386202648,0.0,2.325140077480781,26.86771658181304,"(865.5, 751.0)","(864.0, 642.25)",18.0,23.0,0.0208333333333333,0.0458333333333333,0.0666666666666666,0.6875,2.64975262901803,0.0842122850228788,1.4829972283163484,26.596602142541425,"(559.0, 831.0)","(596.75, 638.0)",17.0,25.0,0.0333333333333333,0.0333333333333333,0.0666666666666666,0.5,1.9629549460254303,0.0543152917942104,1.9200903297538847,28.198800204398854,"(845.75, 720.5)","(834.5, 575.25)",12.0,18.0,0.025,0.0291666666666666,0.0541666666666666,0.5384615384615384,1.9681706402236565,0.0,1.4406750644943338,30.17601606526008,"(646.75, 658.25)","(669.75, 514.0)"
61,CA60,g100,1_00-02-33,5,3.1511,0.0136862937242868,32.0,37.0,0.0208333333333333,0.0416666666666666,0.0625,0.6666666666666666,1.3811471994727782,0.0,1.882887262743776,26.927227242776336,"(778.25, 1054.0)","(795.75, 953.0)",24.0,31.0,0.0291666666666666,0.0375,0.0666666666666666,0.5625,1.5799122430338333,0.0,1.4764793702769112,24.9498816719088,"(606.25, 980.5)","(607.5, 863.25)",26.0,31.0,0.0208333333333333,0.0458333333333333,0.0666666666666666,0.6875,2.325140077480781,0.0,1.504882722695969,25.83307892711584,"(860.75, 923.5)","(865.5, 751.0)",34.0,38.0,0.0166666666666666,0.0416666666666666,0.0583333333333333,0.7142857142857142,1.552797811237302,0.0,1.2418454203732427,31.04327773627125,"(562.75, 941.0)","(555.25, 826.0)",33.0,40.0,0.0291666666666666,0.0333333333333333,0.0625,0.5333333333333333,1.974295195675456,0.0,1.7206694585555935,28.9737258871865,"(837.25, 862.75)","(846.25, 716.5)",25.0,31.0,0.025,0.0333333333333333,0.0583333333333333,0.5714285714285714,1.4406750644943338,0.0033684914009151,1.8206937517184356,26.68420083443498,"(637.25, 764.75)","(646.75, 658.25)"
62,CA60,g100,1_00-02-33,5,3.1511,0.0136862937242868,47.0,52.0,0.0208333333333333,0.0375,0.0583333333333333,0.6428571428571428,1.882887262743776,0.0,1.6583415359716682,34.10040742106984,"(756.25, 1192.0)","(778.25, 1054.0)",40.0,44.0,0.0166666666666666,0.0416666666666666,0.0583333333333333,0.7142857142857142,1.4764793702769112,0.0,1.7445793875878286,30.81384827818637,"(597.75, 1089.75)","(606.25, 980.5)",42.0,46.0,0.0166666666666666,0.0416666666666666,0.0583333333333333,0.7142857142857142,1.504882722695969,0.0,2.1057786615619807,29.25848835610292,"(838.75, 1033.0)","(860.75, 923.5)",48.0,52.0,0.0166666666666666,0.0416666666666666,0.0583333333333333,0.7142857142857142,1.2418454203732427,0.0,1.7990550938059473,32.73537054596699,"(554.0, 1032.75)","(562.75, 941.0)",48.0,55.0,0.0291666666666666,0.0291666666666666,0.0583333333333333,0.5,1.7206694585555935,0.0,1.61933370484073,32.73537054596699,"(815.0, 988.5)","(837.25, 862.75)",39.0,47.0,0.0333333333333333,0.0375,0.0708333333333333,0.5294117647058824,1.8203727705917248,0.0522930489706564,1.6358006053769585,27.72348290824605,"(650.25, 899.25)","(637.5, 764.75)"
63,CA60,g100,1_00-02-33,5,3.1511,0.0136862937242868,61.0,66.0,0.0208333333333333,0.0416666666666666,0.0625,0.6666666666666666,1.6583415359716682,0.0,1.902467164701715,26.31575520929525,"(740.0, 1314.0)","(756.25, 1192.0)",54.0,59.0,0.0208333333333333,0.0375,0.0583333333333333,0.6428571428571428,1.7445793875878286,0.0,1.6733945188193386,30.39787193444622,"(541.25, 1206.25)","(597.75, 1089.75)",56.0,60.0,0.0166666666666666,0.0458333333333333,0.0625,0.7333333333333333,2.1057786615619807,0.0,1.4088551691072793,28.914715792118194,"(818.75, 1188.0)","(838.75, 1033.0)",62.0,66.0,0.0166666666666666,0.0375,0.0541666666666666,0.6923076923076923,1.7990550938059473,0.0,1.186651202166415,28.441398954945917,"(520.5, 1162.0)","(554.0, 1032.75)",62.0,71.0,0.0375,0.0166666666666666,0.0541666666666666,0.3076923076923076,1.61933370484073,0.0,1.7854148404146009,28.441398954945917,"(789.75, 1106.0)","(815.0, 988.5)",56.0,62.0,0.025,0.0291666666666666,0.0541666666666666,0.5384615384615384,1.6880679695128165,0.1542533690553579,1.491602833134701,30.58918743443895,"(615.25, 1015.5)","(651.25, 895.5)"
64,CA60,g100,1_00-02-33,5,3.1511,0.0136862937242868,76.0,,,,,,,,,,,"(740.0, 1314.0)",68.0,73.0,0.0208333333333333,0.0333333333333333,0.0541666666666666,0.6153846153846153,1.6733945188193386,0.0,1.2524357251349834,31.906265434747183,"(551.75, 1330.0)","(541.25, 1206.25)",71.0,75.0,0.0166666666666666,0.0291666666666666,0.0458333333333333,0.6363636363636365,1.4088551691072793,0.0,1.1474745067904206,35.73156305158987,"(805.75, 1291.75)","(818.75, 1188.0)",75.0,,,,,,,,,,,"(520.5, 1162.0)",75.0,,,,,,,,,,,"(789.75, 1106.0)",69.0,75.0,0.025,0.025,0.05,0.5,1.631184787399315,0.0,1.3086578254418957,33.895527364719975,"(625.25, 1125.75)","(609.25, 1005.75)"
65,CA60,g100,1_00-02-33,5,3.1511,0.0136862937242868,,,,,,,,,,,,,81.0,,,,,,,,,,,"(551.75, 1330.0)",82.0,,,,,,,,,,,"(805.75, 1291.75)",,,,,,,,,,,,,,,,,,,,,,,,,81.0,,,,,,,,,,,"(625.25, 1125.75)"
66,CA58,g100,2_00-03-06,5,3.1732,0.0135638279835335,6.0,10.0,0.0166666666666666,0.0458333333333333,0.0625,0.7333333333333333,1.738017502725701,0.0,1.422119424574633,25.888724293466485,"(1012.0, 306.75)","(1122.0, 235.75)",14.0,19.0,0.0208333333333333,0.0375,0.0583333333333333,0.6428571428571428,1.9432221559815688,0.0,1.3861145295553532,25.716669463382736,"(940.0, 137.75)","(1080.0, 95.0)",16.0,20.0,0.0166666666666666,0.0333333333333333,0.05,0.6666666666666666,1.6540789833008362,0.0,1.444408845721828,28.54258596911825,"(1058.75, 364.0)","(1180.5, 337.5)",9.0,14.0,0.0208333333333333,0.0333333333333333,0.0541666666666666,0.6153846153846153,2.015365726187096,0.0,1.6728172463007465,23.227505446689143,"(1098.0, 72.25)","(1248.25, 50.5)",7.0,16.0,0.0375,0.0291666666666666,0.0666666666666666,0.4375,1.4436956957803366,0.0777610738043495,1.8574158133777368,25.19176279717389,"(1233.0, 313.75)","(1341.75, 313.0)",7.0,10.0,0.0125,0.025,0.0375,0.6666666666666667,0.5702285595153639,0.1128378997282597,1.1799306580826576,26.014275383186973,"(1274.0, 100.25)","(1316.25, 92.5)"
67,CA58,g100,2_00-03-06,5,3.1732,0.0135638279835335,21.0,26.0,0.0208333333333333,0.0291666666666666,0.05,0.5833333333333333,1.422119424574633,0.0,1.567555557463847,34.74944834606763,"(906.0, 322.25)","(1012.0, 306.75)",28.0,34.0,0.025,0.025,0.05,0.5,1.3861145295553532,0.0,1.802258758973404,35.87236057831094,"(838.5, 113.25)","(940.0, 137.75)",28.0,32.0,0.0166666666666666,0.0416666666666666,0.0583333333333333,0.7142857142857142,1.444408845721828,0.0,1.346166025878688,33.16821407108551,"(950.0, 360.5)","(1058.75, 364.0)",22.0,27.0,0.0208333333333333,0.0333333333333333,0.0541666666666666,0.6153846153846153,1.6728172463007465,0.0,1.628142711461727,34.626291697542406,"(972.0, 70.5)","(1098.0, 72.25)",23.0,27.0,0.0166666666666666,0.0375,0.0541666666666666,0.6923076923076923,1.801928717485736,0.0,1.354221537982513,34.4552268476248,"(1094.0, 329.75)","(1229.25, 318.25)",16.0,20.0,0.0166666666666666,0.0333333333333333,0.05,0.6666666666666666,1.27277866703052,0.0365063793238487,1.8173970886395547,28.54258596911825,"(1186.0, 112.75)","(1281.5, 104.25)"
68,CA58,g100,2_00-03-06,5,3.1732,0.0135638279835335,33.0,38.0,0.0208333333333333,0.0333333333333333,0.0541666666666666,0.6153846153846153,1.567555557463847,0.0,1.6198311438824966,27.66232450186981,"(788.75, 336.25)","(906.0, 322.25)",40.0,,,,,,,,,,,"(838.5, 113.25)",42.0,,,,,,,,,,,"(950.0, 360.5)",35.0,39.0,0.0166666666666666,0.0375,0.0541666666666666,0.6923076923076923,1.628142711461727,0.0,1.4371196446734742,30.3444015132188,"(849.5, 64.5)","(972.0, 70.5)",36.0,41.0,0.0208333333333333,0.0291666666666666,0.05,0.5833333333333333,1.354221537982513,0.0,0.9130455846121364,30.057063518113917,"(993.25, 313.75)","(1094.0, 329.75)",28.0,34.0,0.025,0.0291666666666666,0.0541666666666666,0.5384615384615384,1.7810004402576105,0.0399631835779447,1.6213535355225592,35.7196151534767,"(1049.5, 123.25)","(1183.25, 112.75)"
69,CA58,g100,2_00-03-06,5,3.1732,0.0135638279835335,46.0,,,,,,,,,,,"(788.75, 336.25)",,,,,,,,,,,,,,,,,,,,,,,,,48.0,,,,,,,,,,,"(849.5, 64.5)",48.0,,,,,,,,,,,"(993.25, 313.75)",41.0,,,,,,,,,,,"(1047.5, 121.0)"
70,CA58,g100,2_00-03-48,5,3.1732,0.0135638279835335,4.0,10.0,0.025,0.0375,0.0625,0.6,1.8059075728979772,0.0,1.0155093174842815,20.98219575483316,"(927.25, 117.75)","(791.75, 111.5)",11.0,16.0,0.0208333333333333,0.0416666666666666,0.0625,0.6666666666666666,1.4020481928109314,0.0,1.5083318002225543,22.86787186705539,"(948.0, 319.0)","(847.75, 286.75)",14.0,18.0,0.0166666666666666,0.0458333333333333,0.0625,0.7333333333333333,1.8482868857047363,0.0,1.042855474941836,27.11266520240306,"(875.75, 104.5)","(743.75, 61.5)",5.0,10.0,0.0208333333333333,0.0416666666666666,0.0625,0.6666666666666666,1.3045478816892888,0.0,1.1857774402010643,22.309168021639028,"(819.25, 353.25)","(721.75, 343.5)",5.0,10.0,0.0208333333333333,0.0375,0.0583333333333333,0.6428571428571428,1.4178216158779955,0.0,1.3756578942138245,22.480924023035527,"(673.0, 89.0)","(567.0, 78.75)",11.0,17.0,0.025,0.0333333333333333,0.0583333333333333,0.5714285714285714,1.788103587756218,0.0242310740503776,1.366004687529606,23.66697490457854,"(721.75, 316.75)","(591.25, 285.0)"
71,CA58,g100,2_00-03-48,5,3.1732,0.0135638279835335,19.0,24.0,0.0208333333333333,0.0375,0.0583333333333333,0.6428571428571428,1.0155093174842815,0.0,1.6771308038300412,31.8075700595254,"(1003.5, 115.75)","(927.25, 117.75)",26.0,31.0,0.0208333333333333,0.0375,0.0583333333333333,0.6428571428571428,1.5083318002225543,0.0,1.606635468333467,33.116954663478694,"(1058.5, 344.0)","(948.0, 319.0)",29.0,32.0,0.0125,0.0375,0.05,0.7499999999999999,1.042855474941836,0.0,1.581113271988942,32.87671609581525,"(951.0, 82.75)","(875.75, 104.5)",20.0,24.0,0.0166666666666666,0.0458333333333333,0.0625,0.7333333333333333,1.1857774402010643,0.0033283939966423,1.4784964408808263,30.998945623919457,"(907.0, 368.5)","(819.25, 353.25)",19.0,25.0,0.025,0.0375,0.0625,0.6,1.3756578942138245,0.067886183751217,2.0492367998488272,30.59616183542425,"(771.0, 121.75)","(673.0, 89.0)",25.0,32.0,0.0291666666666666,0.0375,0.0666666666666666,0.5625,1.3693944885512168,0.0,1.5445039277775752,33.001441893919534,"(823.25, 331.75)","(721.25, 318.5)"
72,CA58,g100,2_00-03-48,5,3.1732,0.0135638279835335,33.0,38.0,0.0208333333333333,0.0375,0.0583333333333333,0.6428571428571428,1.6771308038300412,0.0,1.3771187424864575,27.447298998698948,"(1128.25, 133.25)","(1003.5, 115.75)",40.0,,,,,,,,,,,"(1058.5, 344.0)",41.0,,,,,,,,,,,"(951.0, 82.75)",35.0,38.0,0.0125,0.0333333333333333,0.0458333333333333,0.7272727272727273,1.4779456110857156,0.0404916605776908,0.8411622775281968,29.580305574108458,"(1016.5, 387.0)","(907.0, 368.75)",34.0,40.0,0.025,0.0375,0.0625,0.6,1.9821417632412488,0.0842682053244462,1.0025540416001244,27.597447014709136,"(924.75, 114.5)","(776.0, 120.75)",41.0,,,,,,,,,,,"(823.25, 331.75)"
73,CA58,g100,2_00-03-48,5,3.1732,0.0135638279835335,47.0,,,,,,,,,,,"(1128.25, 133.25)",,,,,,,,,,,,,,,,,,,,,,,,,46.0,,,,,,,,,,,"(1013.5, 386.5)",49.0,,,,,,,,,,,"(931.0, 115.5)",,,,,,,,,,,,
74,CA58,g100,2_00-02-03,5,3.1732,0.0135638279835335,10.0,16.0,0.025,0.0208333333333333,0.0458333333333333,0.4545454545454545,0.931899887323292,0.0,1.263667121911298,27.152016280075248,"(1208.5, 281.75)","(1276.5, 296.25)",5.0,9.0,0.0166666666666666,0.0333333333333333,0.05,0.6666666666666666,2.1801572972214984,0.0,0.8673902256523274,21.805460825169103,"(1377.25, 210.75)","(1510.0, 304.75)",17.0,21.0,0.0166666666666666,0.0291666666666666,0.0458333333333333,0.6363636363636365,1.3810907998041253,0.0,1.213538884723642,27.64670878842966,"(1185.75, 366.0)","(1252.5, 444.5)",11.0,15.0,0.0166666666666666,0.0291666666666666,0.0458333333333333,0.6363636363636365,1.5093278928412004,0.0,1.1938387535790338,29.79962716091569,"(1447.75, 355.5)","(1496.0, 457.25)",11.0,15.0,0.0166666666666666,0.0291666666666666,0.0458333333333333,0.6363636363636365,0.8396004530152749,0.0,1.548766690316865,29.79962716091569,"(1299.25, 503.75)","(1313.5, 564.75)",5.0,10.0,0.0208333333333333,0.025,0.0458333333333333,0.5454545454545455,1.1765977521961994,0.1446663982359056,1.3866078829768136,20.48060439021322,"(1504.75, 481.25)","(1502.25, 569.0)"
75,CA58,g100,2_00-02-03,5,3.1732,0.0135638279835335,21.0,26.0,0.0208333333333333,0.025,0.0458333333333333,0.5454545454545455,1.263667121911298,0.0,1.718164674360715,34.68112134483245,"(1160.25, 200.75)","(1208.5, 281.75)",17.0,21.0,0.0166666666666666,0.025,0.0416666666666666,0.6000000000000001,0.8673902256523274,0.0,1.0382686354663613,27.417872801881835,"(1369.5, 146.5)","(1377.25, 210.75)",28.0,,,,,,,,,,,"(1185.75, 366.0)",22.0,25.0,0.0125,0.0333333333333333,0.0458333333333333,0.7272727272727273,1.1938387535790338,0.1540261512184234,1.1938387535790338,33.75645807872224,"(1411.25, 274.25)","(1447.75, 355.5)",22.0,26.0,0.0166666666666666,0.025,0.0416666666666666,0.6000000000000001,1.548766690316865,0.0,1.548766690316865,33.96098967887088,"(1232.75, 409.25)","(1299.25, 503.75)",16.0,21.0,0.0208333333333333,0.025,0.0458333333333333,0.5454545454545455,1.3055154962791549,0.2127937293583465,1.0487965956169676,27.595624370082607,"(1438.25, 402.0)","(1507.25, 470.75)"
76,CA58,g100,2_00-02-03,5,3.1732,0.0135638279835335,32.0,,,,,,,,,,,"(1160.25, 200.75)",27.0,,,,,,,,,,,"(1369.5, 146.5)",,,,,,,,,,,,,33.0,,,,,,,,,,,"(1403.25, 282.5)",32.0,,,,,,,,,,,"(1232.75, 409.25)",27.0,,,,,,,,,,,"(1445.25, 416.25)"
77,CA58,g100,1_00-01-38,5,3.1732,0.0135638279835335,5.0,9.0,0.0166666666666666,0.0375,0.0541666666666666,0.6923076923076923,1.6558725088326638,0.0,1.4649470406499765,19.80104666746324,"(763.75, 224.0)","(865.75, 298.0)",13.0,18.0,0.0208333333333333,0.0291666666666666,0.05,0.5833333333333333,0.9872920517059066,0.0,1.647771450569818,20.307865094401265,"(793.25, 95.25)","(867.75, 105.0)",14.0,17.0,0.0125,0.1,0.1125,0.888888888888889,1.0629045238803296,0.0,1.3471298560604044,18.0443489560066,"(839.5, 368.5)","(920.25, 363.75)",7.0,10.0,0.0125,0.0416666666666666,0.0541666666666666,0.7692307692307692,0.6947312431196848,0.0,0.9031013260425962,16.903449278314824,"(940.0, 58.75)","(985.75, 85.25)",5.0,11.0,0.025,0.1,0.125,0.8,1.6911136173640533,0.0,0.8966314384894803,18.39423862826034,"(965.75, 333.25)","(1093.0, 352.5)",14.0,19.0,0.0208333333333333,0.0333333333333333,0.0541666666666666,0.6153846153846153,1.1733185404896724,0.0,1.218699499426933,19.865953105482816,"(1011.5, 143.0)","(1100.75, 145.75)"
78,CA58,g100,1_00-01-38,5,3.1732,0.0135638279835335,18.0,25.0,0.0291666666666666,0.0291666666666666,0.0583333333333333,0.5,1.4649470406499765,0.0,0.9129595638766088,20.4345454211779,"(705.0, 318.75)","(763.75, 224.0)",25.0,30.0,0.0208333333333333,0.0458333333333333,0.0666666666666666,0.6875,1.647771450569818,0.0,1.1406354829357643,16.31227052231718,"(678.25, 145.25)","(793.25, 95.25)",41.0,,,,,,,,,,,"(839.5, 368.5)",20.0,23.0,0.0125,0.0458333333333333,0.0583333333333333,0.7857142857142857,0.9031013260425962,0.0,1.170740422398847,18.534427986404072,"(881.0, 94.0)","(940.0, 58.75)",35.0,,,,,,,,,,,"(965.75, 333.25)",27.0,32.0,0.0208333333333333,0.0333333333333333,0.0541666666666666,0.6153846153846153,1.218699499426933,0.0293823582107763,1.0625338793052537,16.92780208640393,"(919.0, 136.25)","(1011.5, 143.0)"
79,CA58,g100,1_00-01-38,5,3.1732,0.0135638279835335,32.0,,,,,,,,,,,"(705.0, 318.75)",41.0,,,,,,,,,,,"(678.25, 145.25)",,,,,,,,,,,,,34.0,,,,,,,,,,,"(881.0, 94.0)",,,,,,,,,,,,,40.0,,,,,,,,,,,"(918.0, 138.25)"
80,CA58,g100,1_00-00-59,5,3.1732,0.0135638279835335,6.0,11.0,0.0208333333333333,0.0541666666666666,0.075,0.7222222222222223,1.7920065128007068,0.0,1.259209394329145,17.50827287780965,"(1068.75, 287.75)","(978.75, 186.25)",14.0,19.0,0.0208333333333333,0.05,0.0708333333333333,0.7058823529411765,1.2813738441215323,0.0,1.404731818850982,19.45140376507157,"(1000.5, 472.75)","(935.5, 400.75)",19.0,23.0,0.0166666666666666,0.0541666666666666,0.0708333333333333,0.7647058823529412,1.4206513240549887,0.0033025099075297,0.807900849577516,18.66857363074532,"(1069.5, 223.25)","(980.25, 163.25)",8.0,13.0,0.0208333333333333,0.0458333333333333,0.0666666666666666,0.6875,0.453419095698348,0.1004419176073021,2.173204593629642,17.656819109975206,"(817.75, 427.5)","(802.5, 396.75)",11.0,14.0,0.0125,0.0541666666666666,0.0666666666666666,0.8125,1.188265827781228,0.0,1.1517097879731577,18.093927075095124,"(902.0, 153.5)","(828.25, 102.0)",14.0,23.0,0.0375,0.0333333333333333,0.0708333333333333,0.4705882352941176,1.5700821208080995,0.0513749973121005,1.7712570938286083,19.45140376507157,"(789.25, 353.25)","(691.25, 286.0)"
81,CA58,g100,1_00-00-59,5,3.1732,0.0135638279835335,24.0,29.0,0.0208333333333333,0.0458333333333333,0.0666666666666666,0.6875,1.259209394329145,0.0,1.288241344388594,21.6161320082947,"(1151.25, 335.5)","(1068.75, 287.75)",31.0,36.0,0.0208333333333333,0.0416666666666666,0.0625,0.6666666666666666,1.404731818850982,0.0,1.508556739255316,28.324887993022283,"(1101.75, 505.25)","(1000.5, 472.75)",36.0,40.0,0.0166666666666666,0.0375,0.0541666666666666,0.6923076923076923,0.8049592685740147,0.0,1.006588550470817,29.379160753359603,"(1124.0, 251.0)","(1069.75, 223.25)",24.0,29.0,0.0208333333333333,0.05,0.0708333333333333,0.7058823529411765,2.268057436943215,0.0,1.5547282261604078,22.401302477521387,"(961.5, 507.5)","(810.25, 426.25)",27.0,31.0,0.0166666666666666,0.05,0.0666666666666666,0.75,1.1517097879731577,0.0,1.1699511329892596,22.82820408810056,"(970.25, 207.75)","(902.0, 153.5)",31.0,40.0,0.0375,0.0333333333333333,0.0708333333333333,0.4705882352941176,1.7216595795118206,0.0,1.4948554915338077,27.023072281005145,"(905.25, 420.5)","(792.0, 356.0)"
82,CA58,g100,1_00-00-59,5,3.1732,0.0135638279835335,40.0,,,,,,,,,,,"(1151.25, 335.5)",46.0,,,,,,,,,,,"(1101.75, 505.25)",49.0,,,,,,,,,,,"(1124.0, 251.0)",41.0,,,,,,,,,,,"(961.5, 507.5)",43.0,,,,,,,,,,,"(970.25, 207.75)",48.0,,,,,,,,,,,"(905.25, 420.5)"
83,CA58,g100,1_00-00-23,5,3.1732,0.0135638279835335,13.0,19.0,0.025,0.0291666666666666,0.0541666666666666,0.5384615384615384,1.7263116728404675,0.0,1.5497222229243806,22.37803711245959,"(717.25, 404.75)","(834.75, 459.25)",7.0,11.0,0.0166666666666666,0.0375,0.0541666666666666,0.6923076923076923,1.1758704557760584,0.0,0.976988779533889,24.58912468241303,"(759.0, 209.75)","(844.75, 230.5)",7.0,11.0,0.0166666666666666,0.0416666666666666,0.0583333333333333,0.7142857142857142,1.709333190249234,0.0,1.820793561258716,24.529898437636376,"(896.5, 470.5)","(1024.75, 470.75)",14.0,18.0,0.0166666666666666,0.0375,0.0541666666666666,0.6923076923076923,1.190914246276824,0.0,1.8566419016896163,23.21463797261345,"(872.0, 165.5)","(958.0, 189.75)",12.0,19.0,0.0291666666666666,0.0291666666666666,0.0583333333333333,0.5,1.434026459256032,0.0033320271786792,1.6340187903382044,22.87016717428876,"(967.75, 408.0)","(1075.25, 403.5)",8.0,13.0,0.0208333333333333,0.0333333333333333,0.0541666666666666,0.6153846153846153,1.0422855839614185,0.1417580800738287,1.1970327928349755,24.16535393390932,"(1001.25, 208.0)","(1078.0, 193.0)"
84,CA58,g100,1_00-00-23,5,3.1732,0.0135638279835335,26.0,30.0,0.0166666666666666,0.0333333333333333,0.05,0.6666666666666666,1.5497222229243806,0.1133379138823911,0.9589062477601596,29.78019679153016,"(603.75, 379.5)","(717.25, 404.75)",20.0,23.0,0.0125,0.0375,0.05,0.7499999999999999,0.976988779533889,0.0,1.4525383856154512,29.462356352804903,"(700.75, 165.25)","(759.0, 209.75)",21.0,24.0,0.0125,0.0416666666666666,0.0541666666666666,0.7692307692307692,1.820793561258716,0.0,1.0966369146347543,29.631787668587744,"(761.25, 451.25)","(896.5, 470.5)",27.0,31.0,0.0166666666666666,0.0375,0.0541666666666666,0.6923076923076923,1.8566419016896163,0.0,1.384732929404216,28.570749301475875,"(739.5, 122.5)","(872.0, 165.5)",26.0,32.0,0.025,0.0333333333333333,0.0583333333333333,0.5714285714285714,1.6373413394250689,0.0,1.2082814524763754,27.87150977258877,"(845.5, 398.75)","(968.0, 408.0)",21.0,26.0,0.0208333333333333,0.0333333333333333,0.0541666666666666,0.6153846153846153,1.2448455323286165,0.0507519259507866,1.2768317714371673,29.631787668587744,"(913.75, 187.75)","(1006.5, 198.75)"
85,CA58,g100,1_00-00-23,5,3.1732,0.0135638279835335,38.0,,,,,,,,,,,"(611.5, 376.0)",32.0,37.0,0.0208333333333333,0.0333333333333333,0.0541666666666666,0.6153846153846153,1.4525383856154512,0.0,1.7889510872350465,30.414226451900888,"(592.25, 155.0)","(700.75, 165.25)",34.0,37.0,0.0125,0.0375,0.05,0.7499999999999999,1.0966369146347543,0.0,1.2697297171491966,31.659518855861045,"(684.25, 422.25)","(761.25, 451.25)",40.0,,,,,,,,,,,"(739.5, 122.5)",40.0,,,,,,,,,,,"(845.5, 398.75)",34.0,39.0,0.0208333333333333,0.0166666666666666,0.0375,0.4444444444444445,1.325435012240221,0.0526839755510569,0.0943028446054807,31.160296004428982,"(818.5, 198.0)","(917.25, 186.25)"
86,CA58,g100,1_00-00-23,5,3.1732,0.0135638279835335,,,,,,,,,,,,,45.0,,,,,,,,,,,"(592.25, 155.0)",46.0,,,,,,,,,,,"(684.25, 422.25)",,,,,,,,,,,,,,,,,,,,,,,,,43.0,45.0,0.0083333333333333,0.0,0.0083333333333333,0.0,0.0966287881816994,0.0,1.448343718070892,30.76455479319522,"(812.5, 194.25)","(819.75, 194.25)"
87,CA58,g100,1_00-00-23,5,3.1732,0.0135638279835335,,,,,,,,,,,,,,,,,,,,,,,,,,,,,,,,,,,,,,,,,,,,,,,,,,,,,,,,,,,,,45.0,,,,,,,,,,,"(812.5, 194.25)"
88,CA40,g100,3_00-02-32,3,3.56,0.0135869565217391,20.0,25.0,0.0208333333333333,0.0583333333333333,0.0791666666666666,0.736842105263158,1.0549032838182968,0.0,1.084702402458461,17.842141741526834,"(630.5, 887.5)","(673.5, 955.167)",14.0,20.0,0.025,0.05,0.075,0.6666666666666667,1.5106187585426123,0.0,1.041826665119447,13.372643896506167,"(832.833, 906.167)","(902.833, 997.167)",4.0,11.0,0.0291666666666666,0.0791666666666666,0.1083333333333333,0.7307692307692307,0.8151285647622607,0.0,0.8263216782993702,13.62674508753959,"(565.167, 1034.833)","(613.833, 1073.167)",7.0,11.0,0.0166666666666666,0.0416666666666666,0.0583333333333333,0.7142857142857142,0.7088355540591323,0.0,1.4688751184131577,11.87132711055776,"(895.833, 1152.167)","(931.167, 1192.833)",19.0,28.0,0.0375,0.0375,0.075,0.5,0.954171061780293,0.044724212534644,1.1411621482373404,16.927039654405288,"(641.5, 1144.167)","(623.833, 1214.5)",,1.0,,,,,,,,,"(811.5, 1305.833)",
89,CA40,g100,3_00-02-32,3,3.56,0.0135869565217391,39.0,44.0,0.0208333333333333,0.0416666666666666,0.0625,0.6666666666666666,1.084702402458461,0.0,0.9438245258488092,18.90633996681293,"(615.167, 806.5)","(630.5, 887.5)",32.0,36.0,0.0166666666666666,0.0416666666666666,0.0583333333333333,0.7142857142857142,1.041826665119447,0.0,1.434674426288042,19.97561611073089,"(838.167, 827.167)","(832.833, 906.167)",30.0,34.0,0.0166666666666666,0.0416666666666666,0.0583333333333333,0.7142857142857142,0.8263216782993702,0.0223672675968528,0.5510122588467548,19.778446521164444,"(575.167, 972.833)","(565.167, 1034.833)",21.0,26.0,0.0208333333333333,0.0541666666666666,0.075,0.7222222222222223,1.4688751184131577,0.0,1.664567535106214,18.833371838278325,"(912.833, 1041.833)","(895.833, 1152.167)",37.0,42.0,0.0208333333333333,0.0291666666666666,0.05,0.5833333333333333,1.117930528028204,0.0877093722451042,1.134466848664251,18.51618531427699,"(672.5, 1063.167)","(644.833, 1143.5)",4.0,7.0,0.0125,0.0291666666666666,0.0416666666666666,0.7000000000000001,0.635941420433656,0.0,0.9756253160835584,15.45022678196955,"(831.5, 1261.833)","(811.5, 1305.833)"
90,CA40,g100,3_00-02-32,3,3.56,0.0135869565217391,54.0,,,,,,,,,,,"(615.167, 806.5)",46.0,,,,,,,,,,,"(838.167, 827.167)",44.0,,,,,,,,,,,"(575.5, 974.5)",39.0,,,,,,,,,,,"(912.833, 1041.833)",49.0,,,,,,,,,,,"(672.5, 1069.833)",14.0,18.0,0.0166666666666666,0.0583333333333333,0.075,0.7777777777777778,0.9756253160835584,0.0,1.090252637712341,13.372643896506167,"(844.5, 1188.833)","(831.5, 1261.833)"
91,CA40,g100,3_00-02-32,3,3.56,0.0135869565217391,,,,,,,,,,,,,,,,,,,,,,,,,,,,,,,,,,,,,,,,,,,,,,,,,,,,,,,,,,,,,32.0,37.0,0.0208333333333333,0.0375,0.0583333333333333,0.6428571428571428,1.090252637712341,0.0,1.5268060501698362,19.97561611073089,"(835.167, 1106.5)","(844.5, 1188.833)"
92,CA40,g100,3_00-02-32,3,3.56,0.0135869565217391,,,,,,,,,,,,,,,,,,,,,,,,,,,,,,,,,,,,,,,,,,,,,,,,,,,,,,,,,,,,,46.0,,,,,,,,,,,"(835.167, 1106.5)"
93,CA40,g100,2_00-00-02,3,3.56,0.0135869565217391,6.0,11.0,0.0208333333333333,0.0541666666666666,0.075,0.7222222222222223,1.034653213143488,0.0,1.0658097788838976,20.11837884329254,"(276.0, 1043.0)","(227.0, 981.5)",9.0,12.0,0.0125,0.0083333333333333,0.0208333333333333,0.4,0.0,0.0,2.186438701787887,25.122104476308465,"(17.5, 933.5)","(17.5, 933.5)",18.0,23.0,0.0208333333333333,0.0416666666666666,0.0625,0.6666666666666666,1.4998990039868234,0.0,0.7755627480592948,17.505099076991563,"(356.0, 1001.0)","(328.0, 890.5)",11.0,17.0,0.025,0.0375,0.0625,0.6,1.9754049516470515,0.0,0.76020299082391,17.403578947368427,"(12.0, 880.0)","(42.5, 733.0)",14.0,18.0,0.0166666666666666,0.0958333333333333,0.1125,0.8518518518518519,0.9070839247486396,0.0,0.7313292360650883,16.131873356319687,"(278.0, 816.0)","(299.5, 750.5)",,1.0,,,,,,,,,"(138.0, 667.0)",
94,CA40,g100,2_00-00-02,3,3.56,0.0135869565217391,24.0,30.0,0.025,0.0375,0.0625,0.6,1.0658097788838976,0.0,0.8956071618548229,18.374791301959917,"(335.0, 1098.5)","(276.0, 1043.0)",14.0,20.0,0.025,0.0458333333333333,0.0708333333333333,0.6470588235294117,2.186438701787887,0.0,1.6447105261052597,17.14716887488019,"(25.0, 1099.5)","(17.5, 933.5)",33.0,37.0,0.0166666666666666,0.0416666666666666,0.0583333333333333,0.7142857142857142,0.7755627480592948,0.0,0.507901554358389,19.182218007942204,"(388.0, 951.5)","(356.0, 1001.0)",26.0,29.0,0.0125,0.0375,0.05,0.7499999999999999,0.76020299082391,0.0,0.999696976248968,19.950815175758745,"(35.0, 933.0)","(12.0, 880.0)",41.0,44.0,0.0125,0.0375,0.05,0.7499999999999999,0.7313292360650883,0.0,0.748295616477799,20.134963213991952,"(275.0, 871.5)","(278.0, 816.0)",7.0,11.0,0.0166666666666666,0.025,0.0416666666666666,0.6000000000000001,0.98870438319081,0.0,0.8862796904762584,24.0293430974567,"(112.0, 737.5)","(138.0, 667.0)"
95,CA40,g100,2_00-00-02,3,3.56,0.0135869565217391,39.0,44.0,0.0208333333333333,0.0333333333333333,0.0541666666666666,0.6153846153846153,0.8956071618548229,0.0,0.8850579429206146,19.70113801657969,"(403.0, 1095.5)","(335.0, 1098.5)",31.0,35.0,0.0166666666666666,0.0375,0.0541666666666666,0.6923076923076923,1.6447105261052597,0.0,1.2054024856265109,17.19041879801211,"(136.5, 1156.0)","(25.0, 1099.5)",47.0,51.0,0.0166666666666666,0.0333333333333333,0.05,0.6666666666666666,0.507901554358389,0.0,0.6241684218514784,13.702136257510752,"(411.0, 982.5)","(388.0, 951.5)",38.0,43.0,0.0208333333333333,0.0291666666666666,0.05,0.5833333333333333,0.999696976248968,0.0,1.1953605200328414,19.45373879887483,"(73.5, 998.5)","(35.0, 933.0)",53.0,,,,,,,,,,,"(275.0, 871.5)",17.0,23.0,0.025,0.0375,0.0625,0.6,0.8862796904762584,0.0,1.1269988398581212,17.294524634633646,"(91.0, 801.5)","(112.0, 737.5)"
96,CA40,g100,2_00-00-02,3,3.56,0.0135869565217391,52.0,,,,,,,,,,,"(403.0, 1095.5)",44.0,48.0,0.0166666666666666,0.0375,0.0541666666666666,0.6923076923076923,1.2054024856265109,0.0,1.4227724729187343,16.48961562605066,"(207.0, 1214.5)","(136.5, 1156.0)",59.0,,,,,,,,,,,"(411.0, 982.5)",50.0,,,,,,,,,,,"(73.5, 998.5)",,,,,,,,,,,,,32.0,36.0,0.0166666666666666,0.0375,0.0541666666666666,0.6923076923076923,1.1269988398581212,0.0,1.1538881038613262,17.636271425659615,"(105.0, 886.0)","(91.0, 801.5)"
97,CA40,g100,2_00-00-02,3,3.56,0.0135869565217391,,,,,,,,,,,,,57.0,,,,,,,,,,,"(207.0, 1214.5)",,,,,,,,,,,,,,,,,,,,,,,,,,,,,,,,,,,,,45.0,49.0,0.0166666666666666,0.0375,0.0541666666666666,0.6923076923076923,1.1538881038613262,0.0930403659455983,1.0317207542166826,15.58014253918789,"(124.5, 971.5)","(105.0, 886.0)"
98,CA40,g100,2_00-00-02,3,3.56,0.0135869565217391,,,,,,,,,,,,,,,,,,,,,,,,,,,,,,,,,,,,,,,,,,,,,,,,,,,,,,,,,,,,,58.0,,,,,,,,,,,"(125.5, 964.5)"
99,CA40,g100,2_00-00-29,3,3.56,0.0135869565217391,21.0,23.0,0.0083333333333333,0.0041666666666666,0.0125,0.3333333333333333,0.6305644163220335,0.0,1.1020386610597654,4.128220900481326,"(359.5, 934.5)","(365.833, 981.5)",5.0,9.0,0.0166666666666666,0.0916666666666666,0.1083333333333333,0.846153846153846,1.3141510860328411,0.0,0.8978132240248364,16.145840382929975,"(488.0, 765.5)","(531.5, 854.25)",11.0,16.0,0.0208333333333333,0.0791666666666666,0.1,0.7916666666666666,1.422846239225109,0.0301003361858044,1.159208516331273,12.7080868092978,"(332.5, 988.5)","(393.75, 1076.25)",17.0,21.0,0.0166666666666666,0.1,0.1166666666666666,0.8571428571428572,1.909553884780883,0.1399647870723793,0.526677217962554,12.602009356897188,"(626.5, 784.5)","(675.5, 919.5)",6.0,9.0,0.0125,0.0416666666666666,0.0541666666666666,0.7692307692307692,0.7756385288987525,0.0907282546466971,0.5932152682312283,24.354514805779363,"(533.25, 1113.0)","(539.5, 1171.0)",9.0,15.0,0.025,0.0833333333333333,0.1083333333333333,0.7692307692307692,1.3947805057767773,0.0,0.7616010366504288,13.74537282549415,"(656.5, 964.75)","(719.0, 1049.0)"
100,CA40,g100,2_00-00-29,3,3.56,0.0135869565217391,24.0,27.0,0.0125,0.0541666666666666,0.0666666666666666,0.8125,1.1020386610597654,0.0,1.74462925637248,13.439942127708496,"(311.167, 867.167)","(359.5, 934.5)",31.0,35.0,0.0166666666666666,0.0583333333333333,0.075,0.7777777777777778,0.8978132240248364,0.0047008827362488,1.2479936210883995,17.390357827390517,"(461.25, 703.5)","(488.0, 765.5)",35.0,40.0,0.0208333333333333,0.0375,0.0583333333333333,0.6428571428571428,1.1882591188397564,0.0202192611697188,0.6409253238995923,16.669637468521653,"(300.25, 907.5)","(332.75, 990.75)",45.0,,,,,,,,,,,"(625.75, 795.0)",19.0,22.0,0.0125,0.0291666666666666,0.0416666666666666,0.7000000000000001,0.6444325594736734,0.0232681824225501,0.7604685869541297,5.867786373652428,"(516.25, 1071.75)","(540.0, 1114.0)",35.0,40.0,0.0208333333333333,0.05,0.0708333333333333,0.7058823529411765,0.7616010366504288,0.0,0.8416812064622735,16.642373739747057,"(615.5, 924.75)","(656.5, 964.75)"
101,CA40,g100,2_00-00-29,3,3.56,0.0135869565217391,40.0,45.0,0.0208333333333333,0.0416666666666666,0.0625,0.6666666666666666,1.74462925637248,0.0,0.8786651682769737,17.057860199100187,"(287.167, 738.167)","(311.167, 867.167)",49.0,,,,,,,,,,,"(461.5, 703.25)",49.0,,,,,,,,,,,"(300.5, 909.0)",,,,,,,,,,,,,29.0,33.0,0.0166666666666666,0.0416666666666666,0.0583333333333333,0.7142857142857142,0.7804951925535532,0.0,1.303637083754368,16.359270410008726,"(467.25, 1042.25)","(518.0, 1071.75)",52.0,,,,,,,,,,,"(615.5, 924.75)"
102,CA40,g100,2_00-00-29,3,3.56,0.0135869565217391,55.0,,,,,,,,,,,"(287.167, 738.167)",,,,,,,,,,,,,,,,,,,,,,,,,,,,,,,,,,,,,43.0,48.0,0.0208333333333333,0.0375,0.0583333333333333,0.6428571428571428,1.303637083754368,0.0066480521207286,1.0032172780022677,16.23624228842898,"(405.0, 966.5)","(467.25, 1042.25)",,,,,,,,,,,,
103,CA40,g100,2_00-00-29,3,3.56,0.0135869565217391,,,,,,,,,,,,,,,,,,,,,,,,,,,,,,,,,,,,,,,,,,,,,,,,,57.0,,,,,,,,,,,"(404.5, 966.5)",,,,,,,,,,,,
